,@publicID,preferredOriginID,author,region,originID,orig_time,mag,lat,lon,z,lat_e,lon_e,z_e,min_dis,phasecount,stationcount,mag_e,t_e
106,texnet2020afjv,Origin/20230221213053.008072.48338,scevent@BEGW-YC-A55389.beg.utexas.edu,Western Texas,Origin/20230221213053.008072.48338,2020-01-03 22:38:58.507792+00:00,1.343195682,31.6266098,-104.1149445,2.229624987,3.965513468,2.96895504,3.628769636,0.2165791839,9.0,5.0,0.3938902842,0.6212537374
119,texnet2020akgl,Origin/20230221215412.762832.47981,scevent@BEGW-YC-A55389.beg.utexas.edu,Western Texas,Origin/20230221215412.762832.47981,2020-01-06 14:36:58.426884+00:00,1.662812726,31.61764908,-104.1146698,2.420937777,2.867248297,3.328364372,2.639020443,0.2229154855,8.0,4.0,0.3497053195,0.2650737878
178,texnet2020avqp,Origin/20230221224048.841564.49568,scevent@BEGW-YC-A55389.beg.utexas.edu,Western Texas,Origin/20230221224048.841564.49568,2020-01-12 20:14:35.440251+00:00,1.48014748,31.61710548,-104.1257172,3.051715612,2.643446922,2.616232872,2.166824102,0.216681689,10.0,6.0,0.4431492133,0.4653064264
224,texnet2020bhqc,Origin/20230221233221.951689.49777,scevent@BEGW-YC-A55389.beg.utexas.edu,Western Texas,Origin/20230221233221.951689.49777,2020-01-19 09:37:43.811204+00:00,1.71409816,31.62079239,-104.1166687,3.651375532,3.751385212,2.869731665,2.56000948,0.2195057273,10.0,6.0,0.4444416036,0.4388549007
251,texnet2020bmil,Origin/20230221235528.179287.49060,scevent@BEGW-YC-A55389.beg.utexas.edu,Western Texas,Origin/20230221235528.179287.49060,2020-01-21 23:25:32.096612+00:00,1.750595454,31.61450386,-103.9671631,6.133972645,1.828960776,2.213826418,2.918815613,0.2577348351,17.0,9.0,0.2410018931,0.5912102616
277,texnet2020bqpc,Origin/20230222001116.071247.51712,scevent@BEGW-YC-A55389.beg.utexas.edu,Western Texas,Origin/20230222001116.071247.51712,2020-01-24 07:20:07.702262+00:00,2.583103658,31.74783897,-104.1208954,5.0,3.485088587,2.604418755,fixed,0.1560173184,7.0,5.0,1.202302117,1.250240975
293,texnet2020bttp,Origin/20230222002726.576229.49114,scevent@BEGW-YC-A55389.beg.utexas.edu,Western Texas,Origin/20230222002726.576229.49114,2020-01-26 01:01:02.363394+00:00,1.672418548,31.61447334,-103.9643326,6.549022198,2.024369001,2.324110031,2.970352888,0.2553380132,14.0,7.0,0.2983826099,0.4102530295
295,texnet2020bust,Origin/20230222003518.343746.47975,scevent@BEGW-YC-A55389.beg.utexas.edu,Western Texas,Origin/20230222003518.343746.47975,2020-01-26 13:43:33.554965+00:00,1.359994636,31.64166832,-104.1181335,4.96306324,2.964109182,2.365256071,2.568204641,0.2045841664,12.0,7.0,0.3311415792,0.4389173608
299,texnet2020bvrz,Origin/20230222003518.415281.48406,scevent@BEGW-YC-A55389.beg.utexas.edu,Western Texas,Origin/20230222003518.415281.48406,2020-01-27 02:28:00.327415+00:00,1.237105084,31.61745262,-104.1052094,1.592771769,2.819724083,3.272812128,2.646505833,0.2288785577,8.0,4.0,0.3316148093,0.4356409156
307,texnet2020bwkd,Origin/20230222004321.694896.48833,scevent@BEGW-YC-A55389.beg.utexas.edu,Western Texas,Origin/20230222004321.694896.48833,2020-01-27 11:39:04.718350+00:00,1.488669641,31.69861603,-104.1324463,4.193986416,2.569659472,2.370148897,2.312847614,0.1624963135,10.0,5.0,0.2480747149,0.2534730141
308,texnet2020bwkf,Origin/20230222004321.701884.48919,scevent@BEGW-YC-A55389.beg.utexas.edu,Western Texas,Origin/20230222004321.701884.48919,2020-01-27 11:40:54.212474+00:00,1.23639979,31.69098854,-104.1163483,1.039691925,2.490475893,2.665686607,2.649183989,0.1781810224,8.0,4.0,0.4421837838,0.6109079621
309,texnet2020bwkm,Origin/20230222004321.71317.49043,scevent@BEGW-YC-A55389.beg.utexas.edu,Western Texas,Origin/20230222004321.71317.49043,2020-01-27 11:49:09.435435+00:00,1.455689464,31.69264603,-104.1298676,3.61539197,2.112890482,2.209481239,2.214773178,0.1672597677,11.0,6.0,0.3964430719,0.3511730921
310,texnet2020bwlh,Origin/20230222004321.733892.49184,scevent@BEGW-YC-A55389.beg.utexas.edu,Western Texas,Origin/20230222004321.733892.49184,2020-01-27 12:14:25.456295+00:00,1.498529181,31.69604683,-104.1260834,4.017261505,2.078985214,2.091946125,1.941430449,0.1684895605,13.0,7.0,0.30036345,0.3473263795
313,texnet2020bwpi,Origin/20230222004321.777127.49660,scevent@BEGW-YC-A55389.beg.utexas.edu,Western Texas,Origin/20230222004321.777127.49660,2020-01-27 14:16:06.538047+00:00,1.563687632,31.62007523,-104.0981598,3.949213982,2.448745012,2.519833803,2.152603149,0.2315620184,13.0,6.0,0.3092538567,0.3253334072
319,texnet2020bywd,Origin/20230222005115.348731.50094,scevent@BEGW-YC-A55389.beg.utexas.edu,Western Texas,Origin/20230222005115.348731.50094,2020-01-28 19:59:31.346144+00:00,2.468937929,31.72436142,-104.0368195,4.76846981,1.906410694,2.134901762,2.528778315,0.2105486095,10.0,6.0,0.3082083843,0.4529314323
320,texnet2020bywk,Origin/20230222005115.430776.50490,scevent@BEGW-YC-A55389.beg.utexas.edu,Western Texas,Origin/20230222005115.430776.50490,2020-01-28 20:06:33.565710+00:00,2.359092422,31.71713448,-104.1002045,4.060349464,2.124289513,4.627697468,3.656385899,0.1806263626,7.0,4.0,0.5164957698,0.5789494682
321,texnet2020bywl,Origin/20230222005115.465834.50710,scevent@BEGW-YC-A55389.beg.utexas.edu,Western Texas,Origin/20230222005115.465834.50710,2020-01-28 20:08:14.425642+00:00,2.572400976,31.71909714,-104.0424652,4.841220379,2.192598343,2.472169876,2.754996777,0.2159014046,9.0,5.0,0.4464889568,0.2051333856
322,texnet2020byzz,Origin/20230222005115.499721.50887,scevent@BEGW-YC-A55389.beg.utexas.edu,Western Texas,Origin/20230222005115.499721.50887,2020-01-28 21:56:05.894317+00:00,1.746604215,31.71722412,-104.0281525,4.432511806,1.949730277,2.421709299,2.504289389,0.2177110761,10.0,5.0,0.3764587771,0.4191859238
323,texnet2020bzfb,Origin/20230222005115.554939.51193,scevent@BEGW-YC-A55389.beg.utexas.edu,Western Texas,Origin/20230222005115.554939.51193,2020-01-29 00:29:17.345365+00:00,1.547576966,31.71706009,-104.0369568,6.978998661,1.889612436,2.305375338,3.191546679,0.2178287655,13.0,7.0,0.3151777773,0.5480648559
324,texnet2020bzkl,Origin/20230222005115.646802.51644,scevent@BEGW-YC-A55389.beg.utexas.edu,Western Texas,Origin/20230222005115.646802.51644,2020-01-29 03:13:08.023335+00:00,1.33432253,31.7211895,-104.0497742,5.63902998,2.040444851,2.294255257,3.752231598,0.2141135186,10.0,6.0,0.2960564014,0.3474370799
325,texnet2020bzli,Origin/20230222005903.945562.48374,scevent@BEGW-YC-A55389.beg.utexas.edu,Western Texas,Origin/20230222005903.945562.48374,2020-01-29 03:39:01.734067+00:00,0.9421406375,31.71284676,-104.0333633,4.157112598,3.10875392,2.639791965,3.319952488,0.2220169157,6.0,4.0,0.2320245853,0.1276424701
327,texnet2020bzma,Origin/20230222005903.978002.48611,scevent@BEGW-YC-A55389.beg.utexas.edu,Western Texas,Origin/20230222005903.978002.48611,2020-01-29 04:00:05.647639+00:00,1.324124805,31.71628761,-104.0333481,5.453270912,2.01599741,2.922970057,7.186883926,0.2185865045,8.0,4.0,0.3144193065,0.1214465456
329,texnet2020bzlp,Origin/20230222005903.9715.48546,scevent@BEGW-YC-A55389.beg.utexas.edu,Western Texas,Origin/20230222005903.9715.48546,2020-01-29 03:47:49.640750+00:00,1.051828292,31.68324089,-104.0584488,4.646325111,3.339856863,2.601034164,3.22484374,0.226027891,7.0,4.0,0.2765316396,0.8622894409
331,texnet2020bzpf,Origin/20230222005904.021379.48930,scevent@BEGW-YC-A55389.beg.utexas.edu,Western Texas,Origin/20230222005904.021379.48930,2020-01-29 05:37:33.866987+00:00,1.531257471,31.71051216,-104.045433,4.341976166,1.928831816,2.050613403,2.163590908,0.2245501876,13.0,6.0,0.2412666771,0.6359580875
332,texnet2020bzpv,Origin/20230222005904.04438.49060,scevent@BEGW-YC-A55389.beg.utexas.edu,Western Texas,Origin/20230222005904.04438.49060,2020-01-29 05:56:13.477779+00:00,1.059565654,31.68823242,-104.0741425,4.977057934,4.948626518,3.081952572,3.414613485,0.2117784917,6.0,4.0,0.2560856532,0.3702389823
333,texnet2020bzpy,Origin/20230222005904.05689.49181,scevent@BEGW-YC-A55389.beg.utexas.edu,Western Texas,Origin/20230222005904.05689.49181,2020-01-29 05:59:47.333225+00:00,1.455844448,31.71117973,-104.0449677,4.900905132,1.937239885,2.13542819,2.178240299,0.2238685489,12.0,6.0,0.2754199612,0.3597511186
334,texnet2020bzra,Origin/20230222005904.123786.49650,scevent@BEGW-YC-A55389.beg.utexas.edu,Western Texas,Origin/20230222005904.123786.49650,2020-01-29 06:32:26.904885+00:00,1.70315098,31.71650887,-104.0587387,7.666322231,1.88392365,2.273109913,2.831973076,0.2146143019,16.0,9.0,0.2039188607,0.6810574481
335,texnet2020bzrh,Origin/20230222005904.12908.49714,scevent@BEGW-YC-A55389.beg.utexas.edu,Western Texas,Origin/20230222005904.12908.49714,2020-01-29 06:39:48.691986+00:00,1.20489573,31.70885277,-104.0432968,4.030675411,2.415298939,2.493085146,2.785256624,0.2261329293,8.0,4.0,0.2110145591,0.2096072526
337,texnet2020bzrn,Origin/20230222005904.258653.50419,scevent@BEGW-YC-A55389.beg.utexas.edu,Western Texas,Origin/20230222005904.258653.50419,2020-01-29 06:47:22.875301+00:00,1.647700575,31.71234512,-104.0472336,4.280371666,2.343180656,2.275623798,2.030370712,0.2227959931,12.0,7.0,0.2215265386,0.7189033328
338,texnet2020bzrz,Origin/20230222005904.370291.50814,scevent@BEGW-YC-A55389.beg.utexas.edu,Western Texas,Origin/20230222005904.370291.50814,2020-01-29 07:01:14.854535+00:00,1.262341398,31.65904617,-103.972168,2.859444141,4.363070965,2.979026794,3.865020037,0.2806558311,6.0,3.0,0.512771941,0.08074886824
339,texnet2020bzsf,Origin/20230222005904.395226.50943,scevent@BEGW-YC-A55389.beg.utexas.edu,Western Texas,Origin/20230222005904.395226.50943,2020-01-29 07:08:04.656322+00:00,1.501989743,31.73912239,-104.0980911,3.63668704,2.104080677,3.045064926,2.503938198,0.1767145097,10.0,6.0,0.3036865736,0.8416419253
340,texnet2020bzsp,Origin/20230222005904.39863.50972,scevent@BEGW-YC-A55389.beg.utexas.edu,Western Texas,Origin/20230222005904.39863.50972,2020-01-29 07:19:30.678357+00:00,1.351763767,31.71994781,-104.0554657,6.655362129,3.148665905,2.516968012,4.298005104,0.2157030851,8.0,5.0,0.3260463802,0.3258604951
342,texnet2020bztg,Origin/20230222005904.709624.52024,scevent@BEGW-YC-A55389.beg.utexas.edu,Western Texas,Origin/20230222005904.709624.52024,2020-01-29 07:39:51.454299+00:00,1.313338864,31.7122879,-104.0416794,2.98576045,2.372480631,2.292792797,2.378082514,0.2226661891,9.0,5.0,0.3293801847,0.4736263244
343,texnet2020bztj,Origin/20230222005904.732161.52242,scevent@BEGW-YC-A55389.beg.utexas.edu,Western Texas,Origin/20230222005904.732161.52242,2020-01-29 07:43:24.425432+00:00,1.008931968,31.72545624,-104.0484772,8.360700607,2.590436697,2.639817953,8.397562027,0.2098008394,7.0,4.0,0.2358652845,0.1882890536
344,texnet2020bzua,Origin/20230222005904.77046.52497,scevent@BEGW-YC-A55389.beg.utexas.edu,Western Texas,Origin/20230222005904.77046.52497,2020-01-29 08:02:43.926494+00:00,2.073524803,31.71396828,-104.0509949,5.101351738,1.715170741,2.116789818,3.426107407,0.2213644832,16.0,10.0,0.1651872634,0.5988413011
345,texnet2020bzug,Origin/20230222005905.109982.53613,scevent@BEGW-YC-A55389.beg.utexas.edu,Western Texas,Origin/20230222005905.109982.53613,2020-01-29 08:10:28.552330+00:00,1.901026189,31.71688461,-104.0342941,6.633444786,1.725252748,2.808978319,2.878298044,0.2179903686,16.0,9.0,0.1591594119,0.5226325575
347,texnet2020bzwq,Origin/20230222005906.04604.56543,scevent@BEGW-YC-A55389.beg.utexas.edu,Western Texas,Origin/20230222005906.04604.56543,2020-01-29 09:22:44.097490+00:00,1.446580014,31.70179176,-104.0391388,0.4169384539,1.94460547,2.837580204,2.510302782,0.233076781,9.0,6.0,0.4065085388,0.671803552
348,texnet2020bzxs,Origin/20230222005906.060351.56660,scevent@BEGW-YC-A55389.beg.utexas.edu,Western Texas,Origin/20230222005906.060351.56660,2020-01-29 09:54:49.820394+00:00,1.536744078,31.70100594,-104.0449753,3.949054241,2.486148119,2.145112038,2.516245604,0.2303677052,11.0,6.0,0.2295846702,0.7944159976
349,texnet2020bzxy,Origin/20230222005906.071373.56700,scevent@BEGW-YC-A55389.beg.utexas.edu,Western Texas,Origin/20230222005906.071373.56700,2020-01-29 10:01:25.381997+00:00,1.273985435,31.70476913,-104.0384369,4.018740177,2.412628889,2.312068701,2.335068226,0.2300985903,10.0,5.0,0.2671368794,0.2839255986
350,texnet2020bzys,Origin/20230222005906.092927.56811,scevent@BEGW-YC-A55389.beg.utexas.edu,Western Texas,Origin/20230222005906.092927.56811,2020-01-29 10:24:48.409880+00:00,1.425114631,31.73343658,-104.0491333,6.781949997,2.514184952,2.333249569,4.188492775,0.2018931508,10.0,6.0,0.2982466787,0.5576717473
351,texnet2020bzyz,Origin/20230222005906.103067.56874,scevent@BEGW-YC-A55389.beg.utexas.edu,Western Texas,Origin/20230222005906.103067.56874,2020-01-29 10:33:06.684325+00:00,1.445465167,31.70856857,-104.0545197,4.566360474,2.367854357,2.305123091,2.108668327,0.2203065157,10.0,6.0,0.4261089898,0.7718629298
365,texnet2020cdbw,Origin/20230222011511.024613.48724,scevent@BEGW-YC-A55389.beg.utexas.edu,Western Texas,Origin/20230222011511.024613.48724,2020-01-31 03:25:51.392963+00:00,3.844091541,31.71471596,-104.0220795,6.753502369,1.378287673,1.842214465,2.486615419,0.2203908265,28.0,14.0,0.1417507193,0.3036962726
366,texnet2020cdby,Origin/20230222011511.197509.49725,scevent@BEGW-YC-A55389.beg.utexas.edu,Western Texas,Origin/20230222011511.197509.49725,2020-01-31 03:27:37.871115+00:00,3.631555237,31.70453072,-104.0130386,2.550901651,1.517945886,1.593823791,1.815888405,0.2310049981,22.0,11.0,0.1382279875,0.5048339684
367,texnet2020cdbz,Origin/20230222011511.552336.51495,scevent@BEGW-YC-A55389.beg.utexas.edu,Western Texas,Origin/20230222011511.552336.51495,2020-01-31 03:29:23.950708+00:00,2.696238038,31.74364853,-104.0458832,1.384936333,2.04194665,2.110045195,2.512517929,0.1915689409,11.0,6.0,0.2055929106,0.7617605705
369,texnet2020cdes,Origin/20230222011511.596775.51737,scevent@BEGW-YC-A55389.beg.utexas.edu,Western Texas,Origin/20230222011511.596775.51737,2020-01-31 04:52:09.349358+00:00,1.657777506,31.68417549,-104.0489426,1.627535224,1.949493051,2.13950634,2.182411194,0.2331101298,12.0,6.0,0.1851458776,0.9810009689
370,texnet2020cdey,Origin/20230222011511.602451.51787,scevent@BEGW-YC-A55389.beg.utexas.edu,Western Texas,Origin/20230222011511.602451.51787,2020-01-31 04:58:46.460432+00:00,1.109276791,31.72042465,-104.0363159,4.548342705,2.385542393,2.714458227,2.762871265,0.2144691199,8.0,4.0,0.3783569039,0.3441857832
371,texnet2020cdft,Origin/20230222011511.61586.51889,scevent@BEGW-YC-A55389.beg.utexas.edu,Western Texas,Origin/20230222011511.61586.51889,2020-01-31 05:23:04.858404+00:00,1.306623983,31.72659302,-104.0491867,5.998279095,2.514581919,2.326970816,4.827737808,0.2087056637,9.0,6.0,0.3650673009,0.1860918955
372,texnet2020cdga,Origin/20230222011511.628158.51994,scevent@BEGW-YC-A55389.beg.utexas.edu,Western Texas,Origin/20230222011511.628158.51994,2020-01-31 05:30:44.404888+00:00,1.829434998,31.70543671,-104.110672,8.918334961,2.631095886,2.925337791,3.542300463,0.1763873845,11.0,6.0,0.1940116945,0.633805497
375,texnet2020cdhv,Origin/20230222011511.954761.53525,scevent@BEGW-YC-A55389.beg.utexas.edu,Western Texas,Origin/20230222011511.954761.53525,2020-01-31 06:26:13.436663+00:00,1.124861854,31.71624184,-104.0707092,11.2911911,4.222424984,5.014979839,6.389541626,0.2048814744,7.0,4.0,0.3845327028,0.3230249847
378,texnet2020cdjz,Origin/20230222011512.235775.54650,scevent@BEGW-YC-A55389.beg.utexas.edu,Western Texas,Origin/20230222011512.235775.54650,2020-01-31 07:31:37.453773+00:00,1.168607797,31.65625763,-104.0543137,6.221469879,3.686114788,3.068470716,4.142424107,0.2411905825,9.0,5.0,0.2315760974,0.2521380813
379,texnet2020cdkb,Origin/20230222011512.28317.55084,scevent@BEGW-YC-A55389.beg.utexas.edu,Western Texas,Origin/20230222011512.28317.55084,2020-01-31 07:33:18.931224+00:00,1.606221028,31.70742989,-104.0255814,0.5220461488,1.772842407,1.918965578,1.98286283,0.2275325954,14.0,7.0,0.2725173424,0.8083981299
380,texnet2020cdnu,Origin/20230222011512.374755.55465,scevent@BEGW-YC-A55389.beg.utexas.edu,Western Texas,Origin/20230222011512.374755.55465,2020-01-31 09:27:02.775846+00:00,1.619181969,31.69278526,-104.0578995,5.0,1.854379416,1.920842409,fixed,0.2228094339,13.0,7.0,0.3426810724,0.9239916842
381,texnet2020cdoo,Origin/20230222011512.383718.55508,scevent@BEGW-YC-A55389.beg.utexas.edu,Western Texas,Origin/20230222011512.383718.55508,2020-01-31 09:49:54.015855+00:00,1.654675367,31.71280479,-104.0450211,4.787255764,1.720530629,2.080698967,2.062721729,0.2222516835,14.0,7.0,0.2101810408,0.530272648
382,texnet2020cdor,Origin/20230222011512.395795.55581,scevent@BEGW-YC-A55389.beg.utexas.edu,Western Texas,Origin/20230222011512.395795.55581,2020-01-31 09:53:25.007097+00:00,1.294855475,31.71501541,-104.026001,4.739866257,2.403416872,2.336729288,2.383828878,0.2199624479,9.0,5.0,0.3216963073,0.2810756275
384,texnet2020cdum,Origin/20230222011512.447231.55897,scevent@BEGW-YC-A55389.beg.utexas.edu,Western Texas,Origin/20230222011512.447231.55897,2020-01-31 12:49:53.548065+00:00,1.799220851,31.71795654,-104.026474,6.204080105,2.218754053,2.276936769,3.120978355,0.2170192003,14.0,8.0,0.1456480078,0.5221293917
400,texnet2020cfbe,Origin/20230222012315.122858.48817,scevent@BEGW-YC-A55389.beg.utexas.edu,Western Texas,Origin/20230222012315.122858.48817,2020-02-01 05:20:57.073776+00:00,1.268110939,31.61359024,-104.1132507,6.424607754,2.895855904,3.050427437,3.690032482,0.2266233265,9.0,5.0,0.3389584568,0.1980698383
413,texnet2020cgkb,Origin/20230222013112.469238.47993,scevent@BEGW-YC-A55389.beg.utexas.edu,Western Texas,Origin/20230222013112.469238.47993,2020-02-01 22:58:10.466278+00:00,1.402646959,31.70148849,-104.0390091,2.884931803,2.62442565,4.638394833,2.640385151,0.2333770841,7.0,4.0,0.412321649,0.547395391
479,texnet2020cpah,Origin/20230222020316.622349.54105,scevent@BEGW-YC-A55389.beg.utexas.edu,Western Texas,Origin/20230222020316.622349.54105,2020-02-06 16:15:51.723967+00:00,1.616449233,31.62752151,-104.0957108,2.441477776,2.497452736,2.826881886,2.362994909,0.2282999307,10.0,5.0,0.3988453654,0.2733426248
482,texnet2020cqle,Origin/20230222021115.917112.52655,scevent@BEGW-YC-A55389.beg.utexas.edu,Western Texas,Origin/20230222021115.917112.52655,2020-02-07 10:53:39.847983+00:00,2.26586887,31.71180153,-104.0146408,4.388214111,1.469436765,1.681879878,1.627813339,0.223673448,23.0,12.0,0.1682627732,0.3492991698
485,texnet2020crnm,Origin/20230222021918.248976.47923,scevent@BEGW-YC-A55389.beg.utexas.edu,Western Texas,Origin/20230222021918.248976.47923,2020-02-08 01:12:04.747818+00:00,1.541677665,31.71715927,-104.0475998,6.979338646,2.462373018,3.265339613,4.743638039,0.2180187106,8.0,4.0,0.3497896305,0.4488441048
487,texnet2020crsq,Origin/20230222021918.28507.48249,scevent@BEGW-YC-A55389.beg.utexas.edu,Western Texas,Origin/20230222021918.28507.48249,2020-02-08 03:47:40.982747+00:00,1.67884103,31.62869835,-104.1137848,4.861049175,2.55274868,2.460747957,1.943450809,0.2159004807,13.0,7.0,0.3759484968,0.4351865907
490,texnet2020csjm,Origin/20230222021918.332926.48557,scevent@BEGW-YC-A55389.beg.utexas.edu,Western Texas,Origin/20230222021918.332926.48557,2020-02-08 12:18:21.689852+00:00,1.477048455,31.69954681,-104.0630493,1.149745226,2.228785038,2.63664341,2.646781445,0.2163121253,9.0,5.0,0.390957596,0.8345771464
509,texnet2020cvge,Origin/20230222023516.082766.48025,scevent@BEGW-YC-A55389.beg.utexas.edu,Western Texas,Origin/20230222023516.082766.48025,2020-02-10 02:02:48.052332+00:00,1.779441103,31.61833382,-103.9711533,4.884739876,1.969501615,2.079930782,1.975812078,0.2616431713,13.0,8.0,0.3304073076,0.4309102301
510,texnet2020cvgf,Origin/20230222023516.114377.48187,scevent@BEGW-YC-A55389.beg.utexas.edu,Western Texas,Origin/20230222023516.114377.48187,2020-02-10 02:03:55.192961+00:00,1.611526479,31.62351799,-103.9847717,5.168186188,2.051656008,2.353930712,3.027488232,0.2716228068,12.0,7.0,0.2662225378,0.7591657514
527,texnet2020cyop,Origin/20230222025050.867263.47940,scevent@BEGW-YC-A55389.beg.utexas.edu,Western Texas,Origin/20230222025050.867263.47940,2020-02-11 21:42:01.208734+00:00,1.695386519,31.70107079,-104.0274277,3.312614918,2.531288385,2.020213127,2.915615559,0.2338257879,12.0,6.0,0.225638698,0.6032523502
528,texnet2020cysc,Origin/20230222025050.915894.48200,scevent@BEGW-YC-A55389.beg.utexas.edu,Western Texas,Origin/20230222025050.915894.48200,2020-02-11 23:29:14.385536+00:00,1.570022037,31.70684814,-104.1328888,4.212276936,2.083913326,2.142715931,2.067040682,0.1585122049,13.0,7.0,0.2981130499,0.3207532578
538,texnet2020dbmz,Origin/20230222030636.277851.47780,scevent@BEGW-YC-A55389.beg.utexas.edu,Western Texas,Origin/20230222030636.277851.47780,2020-02-13 12:17:49.645398+00:00,1.533683079,31.62679672,-104.0481796,24.6049614,3.41676569,4.624919415,4.87614727,0.2611202896,7.0,5.0,0.3165798724,0.6775353958
547,texnet2020ddps,Origin/20230222031418.176038.48567,scevent@BEGW-YC-A55389.beg.utexas.edu,Western Texas,Origin/20230222031418.176038.48567,2020-02-14 15:56:57.271955+00:00,2.06090764,31.61481094,-104.0926971,2.753726959,2.528541803,2.800589561,2.229286432,0.2385330945,11.0,6.0,0.2470081021,0.3025148791
548,texnet2020ddrs,Origin/20230222031418.182899.48610,scevent@BEGW-YC-A55389.beg.utexas.edu,Western Texas,Origin/20230222031418.182899.48610,2020-02-14 16:58:17.826535+00:00,1.998974824,31.71865654,-104.0857239,5.472994328,3.601383209,5.110012054,11.19760418,0.1919314861,6.0,4.0,1.262519405,0.437644406
573,texnet2020dgtz,Origin/20230222032951.799701.48155,scevent@BEGW-YC-A55389.beg.utexas.edu,Western Texas,Origin/20230222032951.799701.48155,2020-02-16 09:31:29.832085+00:00,1.995005516,31.6475563,-103.9640427,5.0,3.872069359,2.659118652,fixed,0.2884334624,11.0,6.0,0.2454745316,0.985267482
603,texnet2020dksu,Origin/20230222034526.69377.52956,scevent@BEGW-YC-A55389.beg.utexas.edu,Western Texas,Origin/20230222034526.69377.52956,2020-02-18 13:28:07.091891+00:00,4.178314921,31.71776581,-104.0312881,6.855713844,2.346048355,3.122166872,4.525128365,0.2171251476,18.0,14.0,0.18490387,0.314388378
605,texnet2020dkuz,Origin/20230222034527.003124.54287,scevent@BEGW-YC-A55389.beg.utexas.edu,Western Texas,Origin/20230222034527.003124.54287,2020-02-18 14:34:37.061905+00:00,2.069990299,31.70114517,-104.0084686,5.185337543,3.295271873,3.059486151,4.161121368,0.2347002327,12.0,9.0,0.1440994842,0.7508435691
626,texnet2020dqwr,Origin/20230222041529.951133.48111,scevent@BEGW-YC-A55389.beg.utexas.edu,Western Texas,Origin/20230222041529.951133.48111,2020-02-21 22:14:53.610378+00:00,1.503812946,31.73674202,-104.1012268,6.011399269,2.518010855,2.955781937,4.981330872,0.1745903641,7.0,4.0,0.4418893517,0.2270098665
628,texnet2020draw,Origin/20230222041530.010606.48395,scevent@BEGW-YC-A55389.beg.utexas.edu,Western Texas,Origin/20230222041530.010606.48395,2020-02-22 00:21:33.740660+00:00,1.685386661,31.69566727,-104.0174637,1.985252976,2.606085539,2.19126749,3.073559523,0.2395635545,12.0,7.0,0.2078298299,0.3592386521
642,texnet2020dspz,Origin/20230222042315.236996.48259,scevent@BEGW-YC-A55389.beg.utexas.edu,Western Texas,Origin/20230222042315.236996.48259,2020-02-22 21:07:45.548698+00:00,1.312454063,31.72487831,-103.9861526,0.1094573885,2.273030996,3.298446178,2.834491968,0.2139524966,7.0,4.0,0.435301724,0.5366059868
645,texnet2020dthz,Origin/20230222042315.408742.49130,scevent@BEGW-YC-A55389.beg.utexas.edu,Western Texas,Origin/20230222042315.408742.49130,2020-02-23 06:13:54.695860+00:00,2.08675353,31.62494087,-104.0948181,4.900298595,1.713649154,1.956502914,1.72667253,0.230538398,24.0,13.0,0.1631263223,0.6285684723
648,texnet2020dtrj,Origin/20230222042315.564395.49895,scevent@BEGW-YC-A55389.beg.utexas.edu,Western Texas,Origin/20230222042315.564395.49895,2020-02-23 10:58:20.051043+00:00,1.793966937,31.61278152,-103.9696426,6.507768154,1.84228158,2.231975317,2.916791201,0.2570200861,17.0,9.0,0.2070562722,0.3512913097
656,texnet2020dwam,Origin/20230222043103.896538.51016,scevent@BEGW-YC-A55389.beg.utexas.edu,Western Texas,Origin/20230222043103.896538.51016,2020-02-24 17:50:15.207455+00:00,1.840369425,31.61549568,-104.0965424,2.261836529,2.837857962,3.172303677,2.484000206,0.2356387377,9.0,5.0,0.3006029055,0.5282648412
658,texnet2020dwij,Origin/20230222043846.73138.48832,scevent@BEGW-YC-A55389.beg.utexas.edu,Western Texas,Origin/20230222043846.73138.48832,2020-02-24 21:49:11.535099+00:00,2.200262196,31.62249184,-104.1023712,4.766426563,1.870555162,2.016530514,1.946857095,0.2272766083,19.0,11.0,0.09243370187,0.604503657
666,texnet2020dxkm,Origin/20230222043847.029692.50620,scevent@BEGW-YC-A55389.beg.utexas.edu,Western Texas,Origin/20230222043847.029692.50620,2020-02-25 12:02:15.652067+00:00,1.381343027,31.61423874,-104.109993,2.982656956,2.82511282,2.801657438,2.340407372,0.2281449139,10.0,5.0,0.2707738428,0.2637398793
684,texnet2020eacm,Origin/20230222045410.791065.50041,scevent@BEGW-YC-A55389.beg.utexas.edu,Western Texas,Origin/20230222045410.791065.50041,2020-02-26 23:24:04.085666+00:00,2.190262677,31.71291924,-104.0180511,4.65203619,1.523471594,1.803698421,1.896303892,0.2223647684,18.0,11.0,0.1309957851,0.3076175081
687,texnet2020ebdd,Origin/20230222045411.027156.51109,scevent@BEGW-YC-A55389.beg.utexas.edu,Western Texas,Origin/20230222045411.027156.51109,2020-02-27 12:52:19.079025+00:00,1.362737615,31.62381935,-104.0705338,3.723543882,2.980981827,5.483800888,3.018498182,0.2473909557,6.0,4.0,0.3583499239,0.1123233728
702,texnet2020eeea,Origin/20230222050946.855144.49848,scevent@BEGW-YC-A55389.beg.utexas.edu,Western Texas,Origin/20230222050946.855144.49848,2020-02-29 04:43:00.048252+00:00,1.575031618,31.63334084,-104.1243362,4.64800787,2.31452322,2.549845457,2.203348637,0.2061424106,12.0,6.0,0.3028906569,0.2626413295
733,texnet2020eknc,Origin/20230222054041.579509.48776,scevent@BEGW-YC-A55389.beg.utexas.edu,Western Texas,Origin/20230222054041.579509.48776,2020-03-03 16:06:39.437695+00:00,1.658998881,31.71012115,-104.0435333,5.0,4.726978302,3.502206087,fixed,0.2288237214,6.0,4.0,0.5323165904,0.3901604894
752,texnet2020encx,Origin/20230222054826.119959.51048,scevent@BEGW-YC-A55389.beg.utexas.edu,Western Texas,Origin/20230222054826.119959.51048,2020-03-05 02:22:47.114532+00:00,1.244790297,31.61700821,-104.1073837,3.120090246,2.806962729,2.777411461,2.338508129,0.2278321832,10.0,5.0,0.2751344541,0.4588282325
755,texnet2020engz,Origin/20230222054826.218357.51651,scevent@BEGW-YC-A55389.beg.utexas.edu,Western Texas,Origin/20230222054826.218357.51651,2020-03-05 04:25:59.211740+00:00,2.147752295,31.6247673,-104.1104279,3.094100714,2.023195028,2.174787045,1.816380978,0.2206573188,19.0,11.0,0.1862027637,0.6743699743
794,texnet2020eqmf,Origin/20230222060419.848278.57252,scevent@BEGW-YC-A55389.beg.utexas.edu,Western Texas,Origin/20230222060419.848278.57252,2020-03-06 22:29:32.953938+00:00,1.367372266,31.72682381,-104.0431061,2.005501747,3.719513416,6.685042858,5.346506596,0.208221674,5.0,3.0,0.3433509175,0.2184768598
812,texnet2020erfq,Origin/20230222061232.974669.56143,scevent@BEGW-YC-A55389.beg.utexas.edu,Western Texas,Origin/20230222061232.974669.56143,2020-03-07 08:18:32.864182+00:00,1.691573927,31.65262032,-104.0636902,1.189512849,2.129920721,1.4042418,1.973953009,0.236088559,18.0,11.0,0.3030955721,1.005436921
815,texnet2020erhz,Origin/20230222061233.038014.56481,scevent@BEGW-YC-A55389.beg.utexas.edu,Western Texas,Origin/20230222061233.038014.56481,2020-03-07 09:29:36.199078+00:00,1.054748571,31.68321419,-104.1407166,1.249864697,7.656795502,6.066176414,3.022634029,0.164245978,7.0,4.0,0.3073770525,0.4645306861
912,texnet2020eyft,Origin/20230222064919.85874.50416,scevent@BEGW-YC-A55389.beg.utexas.edu,Western Texas,Origin/20230222064919.85874.50416,2020-03-11 04:19:18.843020+00:00,1.442186258,31.6381855,-104.11409,7.758604527,3.459657907,3.145375729,5.357934475,0.2094604671,8.0,6.0,0.2431980427,0.3874988576
925,texnet2020ezaw,Origin/20230222064920.551329.53702,scevent@BEGW-YC-A55389.beg.utexas.edu,Western Texas,Origin/20230222064920.551329.53702,2020-03-11 14:58:34.171164+00:00,0.8504903173,31.67066956,-104.037384,1.708949804,2.592131376,2.826696873,3.611149073,0.2475477457,6.0,4.0,0.1796375762,0.3626294125
948,texnet2020fajy,Origin/20230222065730.878316.57551,scevent@BEGW-YC-A55389.beg.utexas.edu,Western Texas,Origin/20230222065730.878316.57551,2020-03-12 08:41:39.006071+00:00,1.707253451,31.71106148,-104.0146408,6.159597397,2.150546551,1.724785328,2.999580383,0.2244092524,15.0,8.0,0.1850464571,0.2194717871
1031,texnet2020ffbe,Origin/20230222072252.066885.51488,scevent@BEGW-YC-A55389.beg.utexas.edu,Western Texas,Origin/20230222072252.066885.51488,2020-03-14 21:57:31.292176+00:00,1.421176302,31.61675835,-104.115921,3.482386827,2.478418827,1.861632586,2.179244041,0.2227800786,12.0,6.0,0.2309445089,0.3562095862
1035,texnet2020ffix,Origin/20230222072252.241576.52492,scevent@BEGW-YC-A55389.beg.utexas.edu,Western Texas,Origin/20230222072252.241576.52492,2020-03-15 01:51:57.806788+00:00,1.308607449,31.618536,-104.0881119,1.150879622,2.079622269,1.748172164,2.206625223,0.2390333563,13.0,6.0,0.1922073173,0.5062316362
1079,texnet2020fhfs,Origin/20230222073102.342993.57505,scevent@BEGW-YC-A55389.beg.utexas.edu,Western Texas,Origin/20230222073102.342993.57505,2020-03-16 02:30:45.194494+00:00,1.658752835,31.63568687,-103.9811401,5.677381992,3.889485121,2.866764307,3.470220804,0.2730760574,7.0,5.0,0.3595647418,0.3811379762
1107,texnet2020fhle,Origin/20230222073107.544868.75933,scevent@BEGW-YC-A55389.beg.utexas.edu,Western Texas,Origin/20230222073107.544868.75933,2020-03-16 05:16:27.085882+00:00,1.237435315,31.71236801,-103.985527,16.48118401,10.73171616,7.256697178,11.1289835,0.2761155069,7.0,4.0,0.1800140087,1.334574475
1108,texnet2020fhlj,Origin/20230222073107.549506.75993,scevent@BEGW-YC-A55389.beg.utexas.edu,Western Texas,Origin/20230222073107.549506.75993,2020-03-16 05:22:14.453436+00:00,1.082139817,31.62589073,-104.0968094,2.21840024,5.842416286,4.730763912,2.9323349,0.2286302745,8.0,4.0,0.2286252939,0.2057709243
1161,texnet2020fiub,Origin/20230222073952.904857.55477,scevent@BEGW-YC-A55389.beg.utexas.edu,Western Texas,Origin/20230222073952.904857.55477,2020-03-16 22:53:46.148372+00:00,1.660623709,31.61532974,-103.9772644,4.325856686,2.196986437,1.513091683,1.903367043,0.2616823614,16.0,8.0,0.1929040672,0.3383364704
1172,texnet2020fjjp,Origin/20230222073953.959381.59841,scevent@BEGW-YC-A55389.beg.utexas.edu,Western Texas,Origin/20230222073953.959381.59841,2020-03-17 06:44:36.553011+00:00,1.056577819,31.62876701,-104.1026077,4.140896797,6.147503376,5.351258755,4.178781509,0.2230060697,7.0,4.0,0.2237619702,0.3834045586
1185,texnet2020fjtj,Origin/20230222073955.053194.64416,scevent@BEGW-YC-A55389.beg.utexas.edu,Western Texas,Origin/20230222073955.053194.64416,2020-03-17 11:41:18.048820+00:00,1.488699388,31.61351967,-104.1178665,3.783796549,2.616823435,2.600644827,2.004225731,0.2239056379,12.0,6.0,0.3839309646,0.3496684139
1202,texnet2020fmka,Origin/20230222075614.158885.54715,scevent@BEGW-YC-A55389.beg.utexas.edu,Western Texas,Origin/20230222075614.158885.54715,2020-03-18 22:22:22.171275+00:00,1.018626175,31.63387871,-104.1078262,2.627223253,5.713877201,4.580101967,2.92438674,0.21631217,8.0,4.0,0.2450759312,0.2004108909
1238,texnet2020fpdk,Origin/20230222080436.708751.63221,scevent@BEGW-YC-A55389.beg.utexas.edu,Western Texas,Origin/20230222080436.708751.63221,2020-03-20 10:25:49.920536+00:00,0.8307410012,31.63445473,-104.097496,5.968091011,5.961082458,4.7550807,7.297099113,0.2227423638,8.0,4.0,0.1883955668,0.4898650896
1260,texnet2020fqlf,Origin/20230222081252.8101.53694,scevent@BEGW-YC-A55389.beg.utexas.edu,Western Texas,Origin/20230222081252.8101.53694,2020-03-21 03:31:17.971224+00:00,1.106504804,31.70059776,-104.042572,0.6373859644,4.004585266,3.625189066,3.812012196,0.2324395031,7.0,4.0,0.4715683502,0.9265254943
1269,texnet2020fqyy,Origin/20230222082058.478084.51671,scevent@BEGW-YC-A55389.beg.utexas.edu,Western Texas,Origin/20230222082058.478084.51671,2020-03-21 10:27:36.097341+00:00,1.043964508,31.6146965,-104.1102905,3.983733892,4.003386974,2.466450214,2.819296122,0.2276443392,8.0,4.0,0.2018711084,0.2733396032
1360,texnet2020fxhw,Origin/20230222084429.318441.50623,scevent@BEGW-YC-A55389.beg.utexas.edu,Western Texas,Origin/20230222084429.318441.50623,2020-03-24 21:46:48.118423+00:00,2.140547714,31.62677765,-104.0887604,3.057651758,2.148630381,2.124580145,1.878509283,0.2333482206,16.0,8.0,0.1132919748,0.6933931766
1380,texnet2020fzom,Origin/20230222085240.315569.55146,scevent@BEGW-YC-A55389.beg.utexas.edu,Western Texas,Origin/20230222085240.315569.55146,2020-03-26 03:23:36.271036+00:00,1.351562396,31.67043304,-104.0374298,5.0,13.16288185,12.39345932,fixed,0.2476109117,6.0,4.0,0.1314120213,0.2106100568
1389,texnet2020fzzi,Origin/20230222090048.03974.51754,scevent@BEGW-YC-A55389.beg.utexas.edu,Western Texas,Origin/20230222090048.03974.51754,2020-03-26 08:52:42.392450+00:00,4.149882654,31.70968246,-104.0310974,2.9989779,1.712822437,1.335998416,1.931378961,0.2251854092,23.0,16.0,0.1915520884,0.3972716447
1391,texnet2020fzzu,Origin/20230222090048.075589.51977,scevent@BEGW-YC-A55389.beg.utexas.edu,Western Texas,Origin/20230222090048.075589.51977,2020-03-26 09:06:38.612912+00:00,1.553771663,31.69847488,-104.0510483,2.00763011,1.835443377,1.816940784,2.46527338,0.2262966931,11.0,6.0,0.2133713444,0.5514304572
1392,texnet2020gaaa,Origin/20230222090048.11021.52195,scevent@BEGW-YC-A55389.beg.utexas.edu,Western Texas,Origin/20230222090048.11021.52195,2020-03-26 09:13:59.789924+00:00,1.833416599,31.70490646,-104.0408401,3.826177359,1.782148242,1.434802532,1.810903072,0.230003491,16.0,10.0,0.1869120948,0.4739861304
1393,texnet2020gaac,Origin/20230222090048.154613.52502,scevent@BEGW-YC-A55389.beg.utexas.edu,Western Texas,Origin/20230222090048.154613.52502,2020-03-26 09:15:41.911130+00:00,1.877321729,31.69074821,-104.0241852,0.9921696782,1.738073349,1.528580189,1.865539789,0.2441942543,16.0,8.0,0.1517600778,0.7401533756
1395,texnet2020gaci,Origin/20230222090048.300773.53255,scevent@BEGW-YC-A55389.beg.utexas.edu,Western Texas,Origin/20230222090048.300773.53255,2020-03-26 10:23:24.958200+00:00,1.704264413,31.72076225,-104.045311,8.534440041,2.508076429,1.992953897,4.071440697,0.2143362164,12.0,8.0,0.4032070227,0.5130447907
1396,texnet2020gact,Origin/20230222090048.332231.53421,scevent@BEGW-YC-A55389.beg.utexas.edu,Western Texas,Origin/20230222090048.332231.53421,2020-03-26 10:36:47.106622+00:00,1.734854318,31.78925705,-104.0356979,3.891607285,3.479996443,1.990605831,2.623003006,0.1458419114,12.0,7.0,0.228622716,0.9965107195
1397,texnet2020gadb,Origin/20230222090048.340102.53496,scevent@BEGW-YC-A55389.beg.utexas.edu,Western Texas,Origin/20230222090048.340102.53496,2020-03-26 10:45:04.488153+00:00,1.475620778,31.71584892,-104.0435333,5.02776432,2.132742643,3.750412226,4.527059078,0.2191694528,8.0,5.0,0.4154985187,0.4720795086
1398,texnet2020gadm,Origin/20230222090048.393752.53920,scevent@BEGW-YC-A55389.beg.utexas.edu,Western Texas,Origin/20230222090048.393752.53920,2020-03-26 10:58:30.020345+00:00,1.89662909,31.70676613,-104.0517426,3.802747965,1.951777577,1.431966424,2.080184698,0.223103568,17.0,9.0,0.1299912128,0.3426935344
1399,texnet2020gahl,Origin/20230222090048.484495.54333,scevent@BEGW-YC-A55389.beg.utexas.edu,Western Texas,Origin/20230222090048.484495.54333,2020-03-26 12:58:58.295013+00:00,2.007036935,31.72655296,-104.0562897,5.88540411,1.905457854,2.639395475,3.502569437,0.2092040479,13.0,7.0,0.2200308455,0.6987001429
1400,texnet2020gajv,Origin/20230222090048.509677.54509,scevent@BEGW-YC-A55389.beg.utexas.edu,Western Texas,Origin/20230222090048.509677.54509,2020-03-26 14:10:28.235585+00:00,1.340108338,31.7173233,-104.0105515,5.803485394,2.393666029,2.732860565,7.170661926,0.2184759378,8.0,4.0,0.281745853,0.3670273808
1401,texnet2020gaka,Origin/20230222090048.525039.54676,scevent@BEGW-YC-A55389.beg.utexas.edu,Western Texas,Origin/20230222090048.525039.54676,2020-03-26 14:16:41.187755+00:00,1.565313358,31.75663948,-104.0989914,4.573304653,2.195260286,1.699278712,2.344185591,0.1733283401,13.0,7.0,0.1951460859,0.823872794
1402,texnet2020gaks,Origin/20230222090048.538466.54829,scevent@BEGW-YC-A55389.beg.utexas.edu,Western Texas,Origin/20230222090048.538466.54829,2020-03-26 14:38:03.140385+00:00,2.1109078,31.71399498,-104.0456696,6.076756001,2.598149776,2.467830181,4.681200504,0.2210899889,15.0,9.0,0.1521947509,0.2857447852
1404,texnet2020galz,Origin/20230222090048.655411.55612,scevent@BEGW-YC-A55389.beg.utexas.edu,Western Texas,Origin/20230222090048.655411.55612,2020-03-26 15:16:27.923333+00:00,4.950265944,31.70002365,-104.051796,7.320851803,1.798795342,1.478766561,3.52703023,0.2251830846,26.0,16.0,0.1826548561,0.2867859946
1405,texnet2020gamn,Origin/20230222090048.762718.56234,scevent@BEGW-YC-A55389.beg.utexas.edu,Western Texas,Origin/20230222090048.762718.56234,2020-03-26 15:32:06.573952+00:00,2.262782717,31.7401619,-104.069252,20.25177383,5.154114723,3.340564013,7.113485336,0.1970651746,13.0,9.0,0.210366149,0.8474252196
1406,texnet2020gamu,Origin/20230222090048.859702.56647,scevent@BEGW-YC-A55389.beg.utexas.edu,Western Texas,Origin/20230222090048.859702.56647,2020-03-26 15:40:53.010127+00:00,1.997681396,31.711483,-104.0380554,2.855241776,1.796816826,1.941384435,2.206990719,0.2234007567,12.0,6.0,0.1214795161,0.6565568578
1407,texnet2020ganc,Origin/20230222090048.886081.56769,scevent@BEGW-YC-A55389.beg.utexas.edu,Western Texas,Origin/20230222090048.886081.56769,2020-03-26 15:50:08.511259+00:00,1.665138212,31.70220375,-104.040184,4.605116367,1.891879797,1.896922708,2.323578835,0.2326841503,12.0,6.0,0.2724285575,0.2688149372
1408,texnet2020gane,Origin/20230222090048.906989.56925,scevent@BEGW-YC-A55389.beg.utexas.edu,Western Texas,Origin/20230222090048.906989.56925,2020-03-26 15:51:56.712063+00:00,1.827712813,31.71708298,-104.0552597,6.764364719,2.074826717,2.331252813,3.756888628,0.2173203826,10.0,6.0,0.2455248719,0.3351580606
1412,texnet2020gapc,Origin/20230222090049.479366.58975,scevent@BEGW-YC-A55389.beg.utexas.edu,Western Texas,Origin/20230222090049.479366.58975,2020-03-26 16:51:02.371377+00:00,1.930378237,31.70262337,-104.0659027,4.302556515,1.856681228,1.623117447,2.05355978,0.2129812241,14.0,7.0,0.1494798608,0.2918733588
1413,texnet2020gapf,Origin/20230222090049.529415.59193,scevent@BEGW-YC-A55389.beg.utexas.edu,Western Texas,Origin/20230222090049.529415.59193,2020-03-26 16:54:35.094112+00:00,1.422343557,31.69477654,-104.0840378,1.321293473,2.081080198,4.757910252,3.635326385,0.2014386207,7.0,4.0,0.3705418672,0.370168841
1414,texnet2020gapp,Origin/20230222090049.540632.59325,scevent@BEGW-YC-A55389.beg.utexas.edu,Western Texas,Origin/20230222090049.540632.59325,2020-03-26 17:05:33.150837+00:00,1.988113228,31.7102375,-104.0907745,6.52635479,2.333501101,1.844409943,3.06101203,0.1904641986,16.0,9.0,0.1034190913,0.3541646573
1417,texnet2020gara,Origin/20230222090049.686798.59984,scevent@BEGW-YC-A55389.beg.utexas.edu,Western Texas,Origin/20230222090049.686798.59984,2020-03-26 17:49:07.541439+00:00,1.756976102,31.69234276,-104.0893631,3.782829285,2.061593294,2.428535223,2.453449249,0.1982617527,10.0,5.0,0.2795234785,0.5283418438
1418,texnet2020garh,Origin/20230222090050.075876.61344,scevent@BEGW-YC-A55389.beg.utexas.edu,Western Texas,Origin/20230222090050.075876.61344,2020-03-26 17:57:18.997753+00:00,1.563400194,31.69963646,-104.084671,3.763635397,1.945617318,2.010818481,2.722117901,0.199079901,10.0,6.0,0.3377547886,0.3002342189
1421,texnet2020gasi,Origin/20230222090050.498406.63832,scevent@BEGW-YC-A55389.beg.utexas.edu,Western Texas,Origin/20230222090050.498406.63832,2020-03-26 18:29:00.431266+00:00,3.111150756,31.71443748,-104.0512619,7.248516083,1.66078341,1.28217566,2.693856955,0.2209125757,28.0,16.0,0.09594475673,0.3571812126
1422,texnet2020gasn,Origin/20230222090050.787745.65525,scevent@BEGW-YC-A55389.beg.utexas.edu,Western Texas,Origin/20230222090050.787745.65525,2020-03-26 18:34:13.767465+00:00,1.61671762,31.70539665,-104.0591354,4.193632603,2.049600124,2.137518644,2.276617765,0.2175330967,11.0,6.0,0.2471661032,0.1961831576
1423,texnet2020gatd,Origin/20230222090051.000304.66420,scevent@BEGW-YC-A55389.beg.utexas.edu,Western Texas,Origin/20230222090051.000304.66420,2020-03-26 18:52:26.407886+00:00,3.175205317,31.71097374,-104.0214005,4.179988384,1.323105097,1.327975988,1.541753769,0.2241449654,26.0,14.0,0.1429300036,0.492695298
1424,texnet2020gaum,Origin/20230222090051.100776.66875,scevent@BEGW-YC-A55389.beg.utexas.edu,Western Texas,Origin/20230222090051.100776.66875,2020-03-26 19:33:34.291573+00:00,1.773380758,31.71045113,-104.0582809,0.6131965518,3.796144485,2.533492088,3.583737373,0.2253450453,9.0,5.0,0.2466332502,0.692713554
1426,texnet2020gaxy,Origin/20230222090051.149921.67148,scevent@BEGW-YC-A55389.beg.utexas.edu,Western Texas,Origin/20230222090051.149921.67148,2020-03-26 21:18:16.340850+00:00,1.295799562,31.63083076,-104.0944366,3.258840799,3.790924072,3.106550694,2.592950583,0.2270421982,8.0,5.0,0.3837555869,0.7250246692
1430,texnet2020gbce,Origin/20230222090051.257934.67664,scevent@BEGW-YC-A55389.beg.utexas.edu,Western Texas,Origin/20230222090051.257934.67664,2020-03-26 23:26:30.121323+00:00,1.450127781,31.71009445,-104.0328217,3.324257851,2.687591553,1.661417723,2.491444349,0.2376086116,11.0,6.0,0.2842885689,0.4946280114
1432,texnet2020gbcv,Origin/20230222090051.315053.68032,scevent@BEGW-YC-A55389.beg.utexas.edu,Western Texas,Origin/20230222090051.315053.68032,2020-03-26 23:47:17.222122+00:00,1.468040838,31.74596786,-104.1014938,5.843302727,1.967153788,1.7563833,3.537272453,0.1726267338,13.0,7.0,0.3011630704,0.6418808474
1433,texnet2020gbdh,Origin/20230222090051.367311.68358,scevent@BEGW-YC-A55389.beg.utexas.edu,Western Texas,Origin/20230222090051.367311.68358,2020-03-27 00:00:47.784230+00:00,2.442312215,31.69797516,-104.0335464,3.13063693,1.529578567,1.339285851,1.600409031,0.2368431687,23.0,14.0,0.1225425046,0.3475331681
1436,texnet2020gbjq,Origin/20230222090830.467289.49877,scevent@BEGW-YC-A55389.beg.utexas.edu,Western Texas,Origin/20230222090830.467289.49877,2020-03-27 03:13:32.506853+00:00,1.398999499,31.70941544,-104.0865555,6.178760529,2.945544481,1.715638995,3.385682821,0.1941271424,13.0,7.0,0.2123599565,0.2108090273
1437,texnet2020gbih,Origin/20230222090830.378618.49368,scevent@BEGW-YC-A55389.beg.utexas.edu,Western Texas,Origin/20230222090830.378618.49368,2020-03-27 02:32:21.840941+00:00,1.048007225,31.68953323,-104.0449371,2.676004171,8.40599823,6.762734413,3.649222136,0.234282434,7.0,4.0,0.1698405817,0.404191128
1440,texnet2020gbml,Origin/20230222090830.589655.50451,scevent@BEGW-YC-A55389.beg.utexas.edu,Western Texas,Origin/20230222090830.589655.50451,2020-03-27 04:37:51.468649+00:00,1.388136531,31.7003746,-104.1318283,0.6015178561,2.043583393,2.194448709,2.537638903,0.1621592045,10.0,5.0,0.3028699917,1.369859701
1443,texnet2020gbpe,Origin/20230222090830.64891.50730,scevent@BEGW-YC-A55389.beg.utexas.edu,Western Texas,Origin/20230222090830.64891.50730,2020-03-27 06:01:02.795536+00:00,1.557911946,31.70701981,-104.0218582,3.252163887,2.72703743,2.106704473,2.319002628,0.2280642837,11.0,6.0,0.254333032,0.5290359288
1444,texnet2020gbpo,Origin/20230222090830.670631.50839,scevent@BEGW-YC-A55389.beg.utexas.edu,Western Texas,Origin/20230222090830.670631.50839,2020-03-27 06:12:09.913918+00:00,1.685649436,31.71791267,-104.0619888,2.75128293,2.533539772,4.900181293,2.254823923,0.2182585299,9.0,5.0,0.2472542162,0.8542305207
1447,texnet2020gbud,Origin/20230222090830.7958.51408,scevent@BEGW-YC-A55389.beg.utexas.edu,Western Texas,Origin/20230222090830.7958.51408,2020-03-27 08:31:27.296084+00:00,1.636055457,31.70685768,-104.0622101,8.028248787,2.342880011,2.508799791,3.014950752,0.2145871222,12.0,6.0,0.2648377456,0.6809758741
1449,texnet2020gbwf,Origin/20230222090830.875105.52057,scevent@BEGW-YC-A55389.beg.utexas.edu,Western Texas,Origin/20230222090830.875105.52057,2020-03-27 09:33:55.028600+00:00,1.197749488,31.69860649,-104.0659256,6.294263363,2.480965376,2.772830009,4.291713715,0.2143409997,9.0,5.0,0.3556933624,0.3934372726
1450,texnet2020gbws,Origin/20230222090830.88614.52163,scevent@BEGW-YC-A55389.beg.utexas.edu,Western Texas,Origin/20230222090830.88614.52163,2020-03-27 09:49:55.948885+00:00,1.203047775,31.71391106,-104.0619049,5.096072197,2.180244207,3.029836655,4.126814842,0.2127358019,9.0,4.0,0.3876306819,0.4648618148
1451,texnet2020gbwv,Origin/20230222090830.952677.52539,scevent@BEGW-YC-A55389.beg.utexas.edu,Western Texas,Origin/20230222090830.952677.52539,2020-03-27 09:53:14.344922+00:00,2.772224102,31.70293808,-104.0556793,3.640828848,1.745334029,1.483747602,1.853733778,0.2211071253,20.0,12.0,0.1130218739,0.3269762767
1457,texnet2020gcfv,Origin/20230222090831.650541.55390,scevent@BEGW-YC-A55389.beg.utexas.edu,Western Texas,Origin/20230222090831.650541.55390,2020-03-27 14:26:01.473950+00:00,1.801294529,31.70069695,-104.0569611,4.238159657,1.855480552,1.63647151,2.009504557,0.2208064049,14.0,8.0,0.09300989258,0.4710472
1461,texnet2020gcgk,Origin/20230222090831.859765.56415,scevent@BEGW-YC-A55389.beg.utexas.edu,Western Texas,Origin/20230222090831.859765.56415,2020-03-27 14:42:57.177201+00:00,1.655395479,31.66653824,-104.0783234,0.2336066961,2.266658068,1.673166156,2.132075071,0.2183210999,12.0,7.0,0.3280355181,1.010687962
1464,texnet2020gclz,Origin/20230222090832.379826.58154,scevent@BEGW-YC-A55389.beg.utexas.edu,Western Texas,Origin/20230222090832.379826.58154,2020-03-27 17:32:56.148181+00:00,1.352134271,31.66004753,-104.0924911,2.211640596,4.852849007,3.294935703,3.135774612,0.211307615,8.0,4.0,0.3615116226,0.834318086
1465,texnet2020gcnx,Origin/20230222090832.484865.58624,scevent@BEGW-YC-A55389.beg.utexas.edu,Western Texas,Origin/20230222090832.484865.58624,2020-03-27 18:31:10.677490+00:00,1.287505509,31.69906998,-104.0398636,1.419248223,2.412043095,3.852401495,3.792782545,0.235112682,5.0,3.0,0.1471403645,0.5390930409
1466,texnet2020gcoq,Origin/20230222090832.517796.58869,scevent@BEGW-YC-A55389.beg.utexas.edu,Western Texas,Origin/20230222090832.517796.58869,2020-03-27 18:53:25.643255+00:00,2.051594201,31.73822403,-104.1061859,7.353459358,1.851588488,1.53819418,3.580768585,0.1701472849,17.0,10.0,0.0854429312,0.4987390535
1467,texnet2020gcph,Origin/20230222090832.551636.59009,scevent@BEGW-YC-A55389.beg.utexas.edu,Western Texas,Origin/20230222090832.551636.59009,2020-03-27 19:12:36.136342+00:00,1.368689129,31.70418358,-104.0623856,3.089491844,2.40967226,2.691942215,3.120185137,0.2152967751,7.0,4.0,0.2919319013,0.182359359
1468,texnet2020gcpk,Origin/20230222090832.553064.59025,scevent@BEGW-YC-A55389.beg.utexas.edu,Western Texas,Origin/20230222090832.553064.59025,2020-03-27 19:16:27.762601+00:00,1.351666049,31.77537155,-103.988884,1.471716523,3.939777374,3.446478605,4.338004112,0.164253667,7.0,4.0,0.356903735,0.4954840468
1469,texnet2020gcql,Origin/20230222090832.611847.59277,scevent@BEGW-YC-A55389.beg.utexas.edu,Western Texas,Origin/20230222090832.611847.59277,2020-03-27 19:47:23.377076+00:00,2.696911179,31.69722748,-104.0177994,3.695393324,1.201133728,1.103498101,1.422425032,0.2379939407,31.0,16.0,0.1073471836,0.6404356213
1470,texnet2020gcsw,Origin/20230222090832.665934.59524,scevent@BEGW-YC-A55389.beg.utexas.edu,Western Texas,Origin/20230222090832.665934.59524,2020-03-27 21:00:58.199591+00:00,1.57069888,31.69958687,-104.0853043,6.380301952,2.715229511,5.435133934,3.832782984,0.2392376661,8.0,4.0,0.2058682984,0.2544937546
1471,texnet2020gcto,Origin/20230222090832.689143.59639,scevent@BEGW-YC-A55389.beg.utexas.edu,Western Texas,Origin/20230222090832.689143.59639,2020-03-27 21:21:41.831151+00:00,1.695217457,31.68453217,-104.0709,5.212554455,6.711663246,2.787434816,5.335719585,0.2158127278,7.0,5.0,0.3017087886,0.03507834442
1472,texnet2020gcua,Origin/20230222090832.781414.60005,scevent@BEGW-YC-A55389.beg.utexas.edu,Western Texas,Origin/20230222090832.781414.60005,2020-03-27 21:36:20.278253+00:00,3.43899502,31.69722748,-104.0730133,4.964100361,1.83856523,2.087695837,2.092089891,0.2091991454,14.0,10.0,0.1754878828,0.2692546442
