@publicID,preferredOriginID,region,date,magnitude,latitude,longitude,depth [km],latitude error [km],longitude error [km],depth error [km],minimum station distance [km],phase count,station count,mag_e,rms [s]
texnet2020galz,smi:local/Origin/20221020160125.876382.45824,Western Texas,2020-03-26 15:16:27.955145,4.955988168,31.70234108,-104.0421906,6.751712322,5.279360294,3.911684513,32.64692688,0.2233335823,7.0,7.0,0.27038363190000003,0.111873666
texnet2021sgcm,smi:local/Origin/20221020160556.482976.45792,Western Texas,2021-09-17 11:42:47.488782,3.1598965889999997,32.27523041,-102.20323940000002,6.668516159,9.566821098,5.330596924,42.19750977,0.1483406126,7.0,7.0,0.2038193086,0.03966395824
texnet2020wauc,smi:local/Origin/20221020160302.985034.45795,Western Texas,2020-11-09 11:56:45.834860,3.131585797,31.93676376,-102.3234863,6.81175375,3.347200155,4.514632225,7.699738026,0.015551329590000001,6.0,4.0,0.35355930799999996,0.08878799516000001
texnet2020dndb,smi:local/Origin/20221020160045.373019.45808,Western Texas,2020-02-19 20:54:44.049630,3.055347711,31.975914000000003,-102.3231277,5.018430233,10.04616928,3.257960558,5.625056744,0.06465891749,6.0,4.0,0.23631581489999998,0.07086405222
texnet2022ckqw,smi:local/Origin/20221020160131.393999.45767,Western Texas,2022-02-04 06:57:18.728989,3.0003477110000003,31.92570877,-102.3143234,8.56768322,4.43363905,5.116259575,10.52353001,0.011972757990000001,6.0,5.0,0.38329938119999996,0.11299969119999999
texnet2017fahr,smi:local/Origin/20221020160104.367382.45758,Western Texas,2017-03-13 07:32:47.135155,2.932254525,32.052791600000006,-102.272728,2.820664883,7.203563213,3.869716167,4.504937172,0.24403241280000001,6.0,5.0,0.22837472190000002,0.07419337265999999
texnet2020xdtu,smi:local/Origin/20221020160548.086191.45827,Western Texas,2020-11-25 08:44:00.927470,2.929290927,32.09308624,-102.1748276,8.432971001,28.129178999999997,32.55373764,36.70820236,0.1135008112,6.0,5.0,0.1522538458,0.02393596008
texnet2022anoc,smi:local/Origin/20221020160147.180086.45771,Western Texas,2022-01-08 09:53:27.644239,2.904523981,31.98127937,-102.33786009999999,6.537574291,9.368534087999999,10.07992363,16.34220695,0.02923214063,6.0,5.0,0.2264148315,0.06769907087999999
texnet2021ymzt,smi:local/Origin/20221020160423.207742.45801,Western Texas,2021-12-15 15:30:21.363718,2.8228684760000005,32.02858734,-102.2566071,8.610292435,31.38433838,12.24206734,26.99290276,0.028084168210000003,6.0,5.0,0.2975771714,0.01641325059
texnet2020udeo,smi:local/Origin/20221020160158.226528.45838,Western Texas,2020-10-13 08:25:44.987145,2.7263086160000003,31.93702316,-102.33217619999999,5.98903513,4.404365063,6.2683615679999996,10.62433434,0.01880891249,6.0,4.0,0.321455955,0.1020079866
texnet2020ohty,smi:local/Origin/20221020160321.480781.45819,Western Texas,2020-07-22 11:31:31.607493,2.696133095,31.939888,-102.332695,6.013681889,2.142762661,3.8046231269999997,6.232111454,0.016395548359999998,8.0,5.0,0.38108561399999996,0.1373111704
texnet2020xpjn,smi:local/Origin/20221020160426.24848.45793,Western Texas,2020-12-01 17:09:52.024208,2.616126796,31.9762001,-102.3027267,5.70343256,5.823138714,5.724133492000001,8.621454239,0.02811467648,6.0,4.0,0.29758360640000003,0.042990190899999996
texnet2020rkqs,smi:local/Origin/20221020160347.285149.45800,Western Texas,2020-09-04 17:54:44.659569,2.607155187,31.97476768,-102.3028183,5.924660683,5.595319271,5.499355792999999,8.578417778,0.026979584249999997,6.0,4.0,0.24894199600000003,0.04290757541
texnet2020xkpv,smi:local/Origin/20221020160432.481391.45817,Western Texas,2020-11-29 02:41:00.836127,2.5920948669999997,31.97497749,-102.2996368,5.8345389370000005,5.461585522000001,5.42589283,8.484433174,0.02898961119,6.0,4.0,0.3012130568,0.04042468013
texnet2020tzve,smi:local/Origin/20221020160424.755694.45803,Western Texas,2020-10-11 12:16:20.720102,2.58893154,32.407703399999995,-101.5912247,5.977617264,3.48955369,5.557506084,11.12918377,0.3147595823,6.0,5.0,0.1857210491,0.02022085504
texnet2022lsuk,smi:local/Origin/20221020160104.71796.45747,Western Texas,2022-06-16 19:39:12.553706,2.555791477,32.38191986,-101.61811829999999,3.9655275339999996,3.741509676,6.215083599,5.416040421,0.176109612,7.0,5.0,0.2604600938,0.10540143689999999
texnet2021vjhm,smi:local/Origin/20221020160330.722638.45790,Western Texas,2021-10-31 22:15:22.019503,2.536216865,32.31884766,-101.628624,3.7782959939999996,8.207371712,4.680782795,4.23117733,0.1483875811,6.0,4.0,0.3278663274,0.05864908237000001
texnet2020pcds,smi:local/Origin/20221020160414.096463.45787,Western Texas,2020-08-02 15:11:23.524538,2.531595635,31.93462753,-102.32015229999999,7.739379883,3.5280187130000003,3.961262941,7.69609642,0.012614266019999999,6.0,4.0,0.7138435206999999,0.11746659820000001
texnet2020ocho,smi:local/Origin/20221020160607.769468.45792,Western Texas,2020-07-19 11:35:39.029535,2.520628304,31.93788338,-102.32416529999999,7.388864517000001,3.308953762,4.75605154,7.759105682,0.01628827862,6.0,4.0,0.4692545457,0.1006543148
texnet2020woom,smi:local/Origin/20221020160525.282766.45826,Western Texas,2020-11-17 01:00:51.325038,2.501886876,32.30147171,-102.1448517,6.365159035,13.35058403,5.426231861000001,41.32794952,0.3136372268,7.0,7.0,0.3342598125,0.01725042054
texnet2020qpjh,smi:local/Origin/20221020160109.595526.45804,Western Texas,2020-08-24 02:18:46.729412,2.463313467,31.93891525,-102.3298874,6.425340176000001,3.1589484210000003,5.881542206000001,8.403740883,0.01636552252,6.0,4.0,0.1638400083,0.07505606167000001
texnet2020skry,smi:local/Origin/20221020160356.869378.45801,Western Texas,2020-09-19 00:04:05.145339,2.459703502,31.96876717,-102.31217190000001,7.3496789929999995,5.4937376979999994,5.179283142,8.875720978,0.017345324159999998,6.0,4.0,0.3484843136,0.07539753298
texnet2019eyma,smi:local/Origin/20221020160511.203111.45811,Western Texas,2019-03-12 07:28:38.527577,2.44606526,32.14650726,-102.6492691,4.640794754,4.6479792589999995,3.6352441310000003,4.354941368,0.0889461711,6.0,5.0,0.17136772579999998,0.04061131767
texnet2020tsnl,smi:local/Origin/20221020160236.201217.45810,Western Texas,2020-10-07 12:25:10.764720,2.436957562,32.10923004,-102.1461639,5.877620697,14.38016224,4.289334297,15.21988773,0.1411494166,7.0,6.0,0.2204141121,0.09173513613
texnet2020sslv,smi:local/Origin/20221020160225.111391.45801,Western Texas,2020-09-23 06:04:39.304721,2.411186411,32.1039505,-102.20068359999999,6.003785132999999,26.83309555,27.41124916,30.21259499,0.1121274233,6.0,5.0,0.3410912788,0.018072001469999998
texnet2020rkgu,smi:local/Origin/20221020160351.23911.45767,Western Texas,2020-09-04 12:53:26.023380,2.403377837,31.97576714,-102.30416109999999,5.839515209,5.851177692,5.745825768,8.678699493,0.027012033389999995,6.0,4.0,0.2359310246,0.04305031245
texnet2019cskd,smi:local/Origin/20221020160457.207654.45771,Western Texas,2019-02-08 12:38:55.772916,2.394488234,31.97306061,-102.31088259999999,4.397681236,3.8388831619999997,6.590331077999999,5.274952888,0.24985226989999998,6.0,5.0,0.289460259,0.08905118451999999
texnet2022kwat,smi:local/Origin/20221020160101.313047.45753,Western Texas,2022-06-04 08:44:01.464748,2.390476011,32.29493332,-101.8116837,4.870100975,2.729559422,5.396892071,4.086903095,0.03410221264,6.0,4.0,0.3132953068,0.01297087544
texnet2019bjwk,smi:local/Origin/20221020160521.778648.45784,Western Texas,2019-01-20 15:04:45.327720,2.354631705,32.13379669,-102.6418152,4.260849953,3.8209300039999996,4.996554375,5.67253828,0.07981684059,6.0,5.0,0.09175460982000001,0.1090748638
texnet2020olpv,smi:local/Origin/20221020160535.369083.45778,Western Texas,2020-07-24 13:59:33.994558,2.321765407,32.12236023,-102.2193604,4.417734146,22.659545899999998,30.26589584,11.17847443,0.12466162439999999,6.0,5.0,0.2417442102,0.01090539071
texnet2020lawn,smi:local/Origin/20221020160518.999615.45825,Western Texas,2020-06-06 00:16:26.647879,2.289021191,32.1255188,-102.1804123,3.881067753,4.053728104,3.800205708,4.965292931,0.138869375,6.0,4.0,0.2607762337,0.08694113643
texnet2019lqul,smi:local/Origin/20221020160444.178788.45810,Western Texas,2019-06-15 17:23:20.642309,2.285720417,31.98469925,-102.30847170000001,3.912603378,5.529108524,5.743272781,4.374582767,0.2449203134,6.0,4.0,0.200490526,0.050269853139999994
texnet2020vazk,smi:local/Origin/20221020160100.445673.45785,Western Texas,2020-10-26 09:05:39.031146,2.280033562,31.97564507,-102.3041306,6.0321907999999995,5.837719917,5.732303142999999,8.691933632,0.026932753619999996,6.0,4.0,0.2420543663,0.03834724119
texnet2022fozf,smi:local/Origin/20221020160223.418329.45767,Western Texas,2022-03-21 08:19:13.129902,2.263149166,32.38448715,-101.63761140000001,4.723143578,5.458557606,4.060193539,4.76554966,0.1608537287,6.0,5.0,0.2506147029,0.02858555816
texnet2018hipb,smi:local/Origin/20221020160229.034802.45776,Western Texas,2018-04-15 07:26:33.871335,2.255147946,32.00710297,-102.2726593,0.07211420685,4.4787654880000005,3.679028273,4.44549799,0.26037466530000003,7.0,6.0,0.1828425524,0.5119890095
texnet2019cvgl,smi:local/Origin/20221020160439.44817.45793,Western Texas,2019-02-10 02:10:33.751903,2.240832295,32.03430939,-102.31909940000001,4.707296848,3.9546515939999995,6.7331724170000005,5.490080357,0.2131915838,6.0,5.0,0.2696100214,0.1240489829
texnet2020qgyi,smi:local/Origin/20221020160529.249902.45784,Western Texas,2020-08-19 11:41:12.534978,2.2342307359999998,31.98600769,-102.391655,3.600842953,13.73200512,24.41053009,13.03275871,0.06563162804,6.0,4.0,0.43221054270000003,0.026268654739999998
texnet2020tezl,smi:local/Origin/20221020160411.019684.45862,Western Texas,2020-09-30 02:34:18.627953,2.2194132630000003,32.09046173,-102.1705933,7.831778526,28.15999031,33.37814713,37.48246002,0.11355969310000001,6.0,5.0,0.2247191178,0.025085991630000002
texnet2021wlaa,smi:local/Origin/20221020160243.58009.45784,Western Texas,2021-11-16 02:17:19.346952,2.215786474,32.40775681,-101.600029,4.906191826000001,5.355822086,22.41866112,9.766922951,0.19832842050000002,6.0,4.0,0.1707675298,0.045220713729999994
texnet2022hccr,smi:local/Origin/20221020160620.412065.45745,Western Texas,2022-04-11 18:22:37.730037,2.21176633,32.34733582,-102.00434109999999,3.7244114880000003,4.318469048,13.10552883,8.170175552,0.156256631,6.0,4.0,0.2804516839,0.39464620219999996
texnet2020oajp,smi:local/Origin/20221020160210.733387.45777,Western Texas,2020-07-18 10:21:06.065035,2.202025886,31.93776703,-102.3252411,6.897509575,3.275645018,4.886778355,7.835872173,0.01672708429,6.0,4.0,0.35406468049999995,0.08500212162000001
texnet2020nrrp,smi:local/Origin/20221020160448.828669.45826,Western Texas,2020-07-13 16:09:53.488880,2.200867711,32.11986160000001,-102.1824722,4.632061005,40.43730927,12.72002125,14.52324581,0.133041054,6.0,5.0,0.22453141710000002,0.002234345696
texnet2020nwcn,smi:local/Origin/20221020160459.520601.45833,Western Texas,2020-07-16 02:13:45.102884,2.189679026,31.93921852,-102.3293533,5.262718678,6.26099062,3.0080511569999997,9.89807415,0.08934956789,6.0,4.0,0.16812116920000003,0.07741896387
texnet2018zkav,smi:local/Origin/20221020160501.875957.45773,Western Texas,2018-12-28 06:10:55.465444,2.183531185,32.03787231,-102.3256989,6.319046021,4.480449677,7.0943045620000005,9.845687866,0.2066336721,6.0,5.0,0.2021659572,0.1151701535
texnet2020qgqa,smi:local/Origin/20221020160219.344205.45787,Western Texas,2020-08-19 07:29:31.333919,2.181488372,32.09259033,-102.1598129,7.65225935,24.22902298,39.09663391,39.53585052,0.1210041791,6.0,5.0,0.1813842317,0.017173499640000003
texnet2020rmvm,smi:local/Origin/20221020160434.168107.45766,Western Texas,2020-09-05 22:35:39.109134,2.175354187,31.97527122,-102.30327609999999,5.801595211,5.702284336,5.601076602999999,8.607005119,0.027104899289999995,6.0,4.0,0.24095682350000003,0.045933664969999996
texnet2021kfzl,smi:local/Origin/20221020160155.297896.45770,Western Texas,2021-05-26 13:53:02.196175,2.175000441,32.43856049,-101.6656036,3.922275543,2.268917084,8.43816185,4.80645895,0.1640093625,7.0,5.0,0.11037403050000001,0.1706483941
texnet2020usyv,smi:local/Origin/20221020160104.66057.45781,Western Texas,2020-10-21 23:42:58.548096,2.151718887,32.04899216,-102.322113,4.597527981,9.765771866,5.902209759,5.439545155,0.07613386959,6.0,5.0,0.05962411485000001,0.009736383011
texnet2022jfjk,smi:local/Origin/20221020160121.811794.45747,Western Texas,2022-05-12 00:14:53.136804,2.142384389,32.38346863,-101.64023590000001,4.299099445,4.307629585,2.201004505,2.696768999,0.1584377736,7.0,5.0,0.2653886689,0.036611589449999996
texnet2019cutx,smi:local/Origin/20221020160432.0917.45792,Western Texas,2019-02-09 19:50:44.767261,2.13870956,32.03099442,-102.3005753,3.5944879060000003,3.94065094,6.714466095,5.506000042,0.2289493382,6.0,5.0,0.2362016893,0.045960917819999995
texnet2021vbms,smi:local/Origin/20221020160143.910396.45754,Western Texas,2021-10-27 15:49:12.626161,2.1359954709999998,32.38092804,-101.6289978,4.499304295,2.797106266,5.267126083,4.293794155,0.1669427305,7.0,4.0,0.341426911,0.04772729106
texnet2020swoj,smi:local/Origin/20221020160550.674803.45782,Western Texas,2020-09-25 11:54:13.649665,2.135167697,31.93602943,-102.321373,6.881873607999999,3.423003197,4.173873901,7.579563141,0.013691126369999999,6.0,4.0,0.3843474205,0.09201337807
texnet2020qsiy,smi:local/Origin/20221020160439.763948.45768,Western Texas,2020-08-25 17:31:56.335254,2.135045813,31.97060394,-102.3108673,6.554030895,5.601593971000001,5.387516499,8.825642586,0.01948215254,6.0,4.0,0.355898115,0.05739391369
texnet2019yvhb,smi:local/Origin/20221020160216.708528.45835,Western Texas,2019-12-20 04:16:25.829146,2.1254330319999997,31.97703934,-102.3352509,5.328223705,7.275695801,3.064903975,8.724769592,0.07392323017,6.0,4.0,0.17590538719999999,0.06823422003
texnet2021xnls,smi:local/Origin/20221020160333.875008.45763,Western Texas,2021-12-01 16:00:54.487688,2.1221760830000003,32.27076721,-101.93544770000001,4.349056721,6.88408041,8.795035362,6.601255894,0.044846169649999996,6.0,4.0,0.384593255,0.01696079
texnet2020sjtp,smi:local/Origin/20221020160459.155036.45801,Western Texas,2020-09-18 11:46:37.250003,2.117482304,31.96285439,-102.299263,5.792196274,3.978342772,4.195048808999999,8.289818764,0.022499434649999997,6.0,4.0,0.3673440935,0.08572369636
texnet2020uqrl,smi:local/Origin/20221020160137.703351.45771,Western Texas,2020-10-20 17:41:57.231650,2.1106791869999997,32.4083252,-101.591301,5.450418472000001,4.211965084,4.267098427,10.7680645,0.3142829835,6.0,5.0,0.20177250359999999,0.076947076
texnet2020oiok,smi:local/Origin/20221020160421.385299.45786,Western Texas,2020-07-22 21:51:57.132134,2.1011198280000003,31.93782234,-102.3244553,7.228832722000001,3.2998855110000003,4.785664558,7.778404713,0.016520125790000003,6.0,4.0,0.4980899943,0.09779943217
texnet2017owbf,smi:local/Origin/20221020160523.377959.45759,Western Texas,2017-07-31 07:06:36.758291,2.098536314,32.02917099,-102.8647842,20.52804184,7.5750589370000005,10.32701683,18.52688217,0.2828915119,7.0,6.0,0.3053914174,0.1751301772
texnet2021ybpk,smi:local/Origin/20221020160549.313149.45777,Western Texas,2021-12-09 09:47:17.142771,2.096663596,31.88456154,-101.72269440000001,4.457790852,8.06740284,20.82404518,9.426942825,0.1139881834,6.0,5.0,0.2078296044,0.02057839883
texnet2020iyjw,smi:local/Origin/20221020160534.151488.45829,Western Texas,2020-05-07 04:32:38.436073,2.0943147680000003,31.97566223,-102.2944412,5.438763617999999,6.557247639,2.673470497,9.419340134,0.04327398911,6.0,4.0,0.24997671510000002,0.07416894019999999
texnet2018ndjh,smi:local/Origin/20221020160520.298256.45775,Western Texas,2018-07-06 20:04:19.717616,2.094002539,32.05852509,-102.261528,3.30561471,4.942536831,3.5956690310000003,4.008156776,0.25172445179999997,7.0,6.0,0.24023289550000002,0.5151248355
texnet2017xpgx,smi:local/Origin/20221020160407.325977.45773,Western Texas,2017-12-02 15:51:34.064564,2.0912625559999998,32.02550888,-102.3080139,4.273071766,5.9010934829999995,4.352610111000001,3.860873938,0.2253812402,6.0,5.0,0.286081376,0.2328317093
texnet2020udfb,smi:local/Origin/20221020160424.270449.45821,Western Texas,2020-10-13 08:41:02.401196,2.088057708,31.93804932,-102.3254089,6.924867152999999,3.2615957260000004,4.947906017,7.84604311,0.0164572075,6.0,4.0,0.40244596810000005,0.08692330189
texnet2020ttxn,smi:local/Origin/20221020160230.65301.45772,Western Texas,2020-10-08 06:39:25.105185,2.084159118,32.40781784,-101.59545899999999,6.735242367000001,3.351157904,7.2669034,16.11084938,0.3121114373,6.0,5.0,0.20244431350000003,0.043191829230000006
texnet2019cuum,smi:local/Origin/20221020160458.454044.45765,Western Texas,2019-02-09 20:08:11.541591,2.078396196,32.02634048,-102.2858505,1.6008055209999998,4.820269108,3.7612285610000002,4.12086153,0.2422768027,6.0,5.0,0.2766539036,0.17227251440000002
texnet2018zjyr,smi:local/Origin/20221020160507.2205.45767,Western Texas,2018-12-28 05:05:30.897890,2.078133753,32.03307343,-102.31233979999999,4.702228068999999,3.961031675,6.745658875,5.492788792,0.21894678469999998,6.0,5.0,0.2535031458,0.1235677146
texnet2017xrrq,smi:local/Origin/20221020160044.658244.45776,Western Texas,2017-12-03 23:32:59.881767,2.071144994,32.10022354,-102.2522583,2.188703537,4.948125362,3.450952768,3.69792819,0.2527141869,7.0,6.0,0.30117526510000003,0.7843417906999999
texnet2018ndny,smi:local/Origin/20221020160128.990754.45772,Western Texas,2018-07-06 22:24:56.246184,2.05695203,32.0452652,-102.3293533,2.886825562,4.678637028,3.7564947610000003,3.80869031,0.200930953,7.0,6.0,0.2416439084,0.5811522861
texnet2020vzmn,smi:local/Origin/20221020160045.160961.45785,Western Texas,2020-11-08 18:58:49.224230,2.05394008,32.10391235,-102.14203640000001,5.915335655,28.10143089,33.22774124,38.22516632,0.1394638717,6.0,5.0,0.259681177,0.007647045179999999
texnet2020gecz,smi:local/Origin/20221020160117.872726.45794,Western Texas,2020-03-28 15:16:21.498187,2.053608223,31.911882399999996,-102.3132401,4.068121433,4.5799007419999995,3.167299986,4.915025234,0.1023143083,7.0,5.0,0.513817025,0.1121903893
texnet2020rybf,smi:local/Origin/20221020160453.292009.45763,Western Texas,2020-09-12 01:59:33.568914,2.040693229,31.99334908,-102.36064909999999,3.9217710489999997,14.41801071,21.85978127,11.77334213,0.049780882889999996,6.0,4.0,0.4161570918,0.06775081384
texnet2018ajsd,smi:local/Origin/20221020160501.822218.45778,Western Texas,2018-01-06 07:23:21.228189,2.034476319,31.94517708,-102.2903595,5.0,2.58825922,2.885130167,fixed,0.2805722356,7.0,5.0,0.40025850399999996,0.26575671
texnet2021rlgq,smi:local/Origin/20221020160419.975593.45763,Western Texas,2021-09-06 01:57:17.385297,2.031081762,32.32383347,-101.6544266,5.712813854,5.292723178999999,24.024009699999997,25.40575218,0.1304050833,6.0,4.0,0.1491644549,0.014384133969999999
texnet2020swhd,smi:local/Origin/20221020160524.018756.45765,Western Texas,2020-09-25 08:14:51.944839,2.0304437909999997,32.41370773,-101.5900803,6.331132889,3.375869513,7.114858627,16.03432274,0.3113400936,6.0,5.0,0.25936957829999996,0.05391191186000001
texnet2021nlsu,smi:local/Origin/20221020160044.122376.45762,Western Texas,2021-07-11 09:57:51.309422,2.019779652,32.30300903,-101.77106479999999,4.657568932,3.44190526,14.94486237,6.289396286,0.04175313935,6.0,4.0,0.48797727799999996,0.02511032232
texnet2020ihtw,smi:local/Origin/20221020160427.078639.45797,Western Texas,2020-04-28 02:16:23.954432,2.0174712969999997,31.93236542,-102.31682590000001,5.172606468,5.9473805429999995,3.0389800069999997,10.04647064,0.08714362233999999,6.0,4.0,0.2518656019,0.08145607452999999
texnet2021wmbu,smi:local/Origin/20221020160204.987266.45777,Western Texas,2021-11-16 16:19:54.375129,2.009728813,32.4084549,-101.6081314,4.843336582,5.257781028999999,21.36626053,9.297908783,0.19215695559999998,6.0,4.0,0.1289111473,0.04468240307
texnet2018ljhn,smi:local/Origin/20221020160352.009392.45780,Western Texas,2018-06-11 14:55:19.744448,2.0079997169999997,32.01683044,-102.2465668,1.1818869109999999,6.15937233,3.7816712860000004,4.771119595,0.2767465413,6.0,5.0,0.5170185064,0.1914367749
texnet2020atue,smi:local/Origin/20221020160046.336525.45795,Western Texas,2020-01-11 19:46:08.899517,2.006402539,31.98018456,-102.3377304,5.103644848,7.3854594229999995,3.1253454689999995,8.527505875,0.07501129806,6.0,4.0,0.24026868280000002,0.057561756629999995
texnet2020ubbq,smi:local/Origin/20221020160340.947289.45810,Western Texas,2020-10-12 04:40:27.699903,1.999119712,32.11772156,-102.1805801,4.498683928999999,39.53032684,44.37919998,22.83086014,0.1318769157,6.0,5.0,0.37564921090000003,0.0176622947
texnet2018xilx,smi:local/Origin/20221020160541.344198.45768,Western Texas,2018-11-28 22:25:23.201759,1.9927203740000001,32.11133957,-102.6708221,2.152812481,2.9388837810000004,3.80471158,4.341638088,0.1036304161,8.0,6.0,0.1475550138,0.3511304114
texnet2017ytiz,smi:local/Origin/20221020160120.68593.45769,Western Texas,2017-12-19 02:58:59.339870,1.9908118819999998,32.03207779,-102.30328370000001,4.106168747,5.1917977330000005,4.991281508999999,5.672207355,0.22640992699999998,6.0,5.0,0.1646472914,0.1206889083
texnet2020ucwo,smi:local/Origin/20221020160128.030365.45822,Western Texas,2020-10-13 04:23:29.657992,1.980306036,32.08713913,-102.1906281,8.908696175,27.60040283,31.53214455,34.61367798,0.101134114,6.0,5.0,0.2164413853,0.0137353848
texnet2020eixm,smi:local/Origin/20221020160347.396884.45782,Western Texas,2020-03-02 19:05:56.878746,1.96709563,31.92885399,-102.3194427,4.427221775,5.295256615,2.964825392,4.511064053,0.09126862883999999,6.0,4.0,0.09343033937999999,0.09819004046
texnet2020lzgg,smi:local/Origin/20221020160400.501405.45766,Western Texas,2020-06-19 08:27:16.622610,1.966988084,32.42631531,-101.70300290000002,9.134250641,3.5249049660000003,9.921348572000001,16.91903687,0.23956051469999998,6.0,5.0,0.2310110614,0.07837125744
texnet2020omnd,smi:local/Origin/20221020160253.08173.45759,Western Texas,2020-07-25 01:46:05.217294,1.96263083,31.99571991,-102.36638640000001,3.728657246,15.07926559,22.766300199999996,12.35105324,0.054731607439999996,6.0,4.0,0.42772221590000004,0.06847842666000001
texnet2018xnrp,smi:local/Origin/20221020160510.592115.45746,Western Texas,2018-12-01 18:59:05.656191,1.95922839,32.00457001,-102.27902979999999,0.1721145064,3.475419998,7.166313647999999,5.149286747,0.2566352189,6.0,4.0,0.4231052972,0.09826015266
texnet2018woxr,smi:local/Origin/20221020160233.425148.45751,Western Texas,2018-11-18 05:38:54.443573,1.949346512,32.10587692,-102.66020970000001,2.414118528,5.714453697000001,2.8638513089999997,4.055315018,0.09531912952999999,6.0,4.0,0.5479203044,0.19389903949999998
texnet2018fkuy,smi:local/Origin/20221020160229.431616.45770,Western Texas,2018-03-19 01:37:46.449076,1.945657451,32.00019455,-102.31211090000001,0.426394999,4.058729172,3.991942644,4.22495079,0.2340795696,7.0,6.0,0.276412405,0.2461585905
texnet2020xeoc,smi:local/Origin/20221020160451.187342.45809,Western Texas,2020-11-25 18:58:52.849525,1.9406775040000002,32.09155273,-102.1250687,5.011592388,37.30050659,7.567359447,17.31179619,0.1413588077,6.0,5.0,0.3403828294,0.01811582618
texnet2020qfei,smi:local/Origin/20221020160142.070612.45774,Western Texas,2020-08-18 12:26:30.037282,1.9373859,32.02677536,-102.28582759999999,5.793338299,30.68247986,8.435437202000001,22.01722145,0.038330748680000006,6.0,4.0,0.1411761857,0.009755040398
texnet2018lkkx,smi:local/Origin/20221020160508.668319.45774,Western Texas,2018-06-12 05:46:00.131278,1.935649789,32.43662643,-102.4614563,4.119092941,5.048356533,4.383501053,4.737932205,0.3242385089,7.0,6.0,0.20115022649999997,0.33434125989999997
texnet2020udzp,smi:local/Origin/20221020160314.617355.45774,Western Texas,2020-10-13 19:03:19.661618,1.933176658,32.18516541,-102.12618259999999,5.0,7.839040756,14.22356606,fixed,0.2130848765,6.0,5.0,0.3171752872,0.06796497173999999
texnet2017yfim,smi:local/Origin/20221020160504.381576.45782,Western Texas,2017-12-11 10:49:10.776320,1.9315138019999998,32.01253128,-102.30477909999999,3.443496943,5.760614395,4.142987251,4.693944931,0.23354335129999998,6.0,5.0,0.2853816924,0.2272952177
texnet2020nray,smi:local/Origin/20221020160259.020617.45814,Western Texas,2020-07-13 07:45:49.017342,1.927653855,32.09344482,-102.1221848,5.377584457,37.68017197,7.488648891,17.61460495,0.1444469392,6.0,5.0,0.2223888421,0.01391560925
texnet2020fufv,smi:local/Origin/20221020160413.271866.45766,Western Texas,2020-03-23 05:20:47.327058,1.926673191,31.91863632,-102.31354520000001,4.231986523,5.675561428,2.92157793,4.998863697,0.0966886431,6.0,4.0,0.4230063167,0.04735285326
texnet2020ocfy,smi:local/Origin/20221020160105.317088.45780,Western Texas,2020-07-19 10:46:36.141501,1.9225066219999998,31.93766975,-102.32422640000001,7.468603133999999,3.3186872010000004,4.745351791,7.785583496,0.016302468259999998,6.0,4.0,0.2800561008,0.1011174116
texnet2019jvkv,smi:local/Origin/20221020160339.037933.45765,Western Texas,2019-05-20 19:08:30.989678,1.921633929,32.14219284,-102.6629105,4.964110851,3.1426877980000003,5.270586491,5.139019489,0.09901615977,6.0,4.0,0.1738847395,0.08431360115
texnet2019uquw,smi:local/Origin/20221020160524.03991.45802,Western Texas,2019-10-21 19:25:42.031619,1.921598315,31.98324966,-102.3348541,5.402450562,7.468257427,3.150006771,8.415333748,0.07186431437999999,6.0,4.0,0.1987273241,0.056181131520000004
texnet2018navk,smi:local/Origin/20221020160448.453196.45780,Western Texas,2018-07-05 10:46:22.294388,1.9205265530000002,32.02042389,-102.24558259999999,0.4683977365,4.598713875,3.62951827,4.404553413,0.2762085199,7.0,6.0,0.3219403432,0.3140739962
texnet2018hxnu,smi:local/Origin/20221020160213.774148.45776,Western Texas,2018-04-23 11:50:27.267447,1.914921457,32.00847244,-102.2936478,2.749688864,6.875553131,3.907167673,5.706542492,0.2438025177,7.0,6.0,0.2808128086,0.8984673916
texnet2020minh,smi:local/Origin/20221020160338.984077.45820,Western Texas,2020-06-24 10:14:05.077309,1.9146214830000001,31.92819023,-102.345993,4.284436703,5.567241192000001,2.664879084,4.660302639,0.10720130060000001,6.0,4.0,0.2453622171,0.05018046221
texnet2020wzya,smi:local/Origin/20221020160250.806509.45789,Western Texas,2020-11-23 06:19:16.466948,1.9122422419999998,32.08299637,-102.1808319,7.6716489789999995,27.98025703,33.63585663,36.93861389,0.1023713425,6.0,5.0,0.290761379,0.0352680047
texnet2020sadz,smi:local/Origin/20221020160333.882472.45840,Western Texas,2020-09-13 05:39:49.359870,1.9052980590000002,31.92098236,-102.2856522,7.086890221,3.0473012919999998,7.374496937000001,10.21131134,0.021758241580000004,6.0,4.0,0.341110504,0.1450038898
texnet2020nssx,smi:local/Origin/20221020160124.579308.45825,Western Texas,2020-07-14 05:57:26.892152,1.90484717,32.04049683,-102.2566681,7.262897015,33.72572708,8.184427261,28.68778419,0.039906296880000004,6.0,4.0,0.2838530908,0.003285906804
texnet2018naus,smi:local/Origin/20221020160354.495981.45780,Western Texas,2018-07-05 10:25:54.256042,1.904555531,32.03329468,-102.2421036,5.0,3.859187126,2.7201833719999997,fixed,0.2746397853,7.0,6.0,0.229038987,0.36833304380000004
texnet2020eftr,smi:local/Origin/20221020160435.010009.45782,Western Texas,2020-03-01 01:45:38.372081,1.9009707980000001,31.93853569,-102.32547,5.512236118,6.205779076000001,3.0079743860000003,9.972625732,0.08745519072,6.0,4.0,0.14998999400000002,0.11779771439999999
texnet2019dkrr,smi:local/Origin/20221020160538.766581.45762,Western Texas,2019-02-18 12:53:57.918727,1.89719075,32.14381027,-102.6247177,6.471796512999999,2.889710903,7.79907608,11.53514385,0.06835005432,6.0,4.0,0.256030813,0.0741014191
texnet2020namq,smi:local/Origin/20221020160149.763506.45823,Western Texas,2020-07-04 06:21:13.282564,1.8901601000000003,32.12284088,-102.2192001,3.922766447,4.776744843,4.571015835,5.27980566,0.12515923380000002,6.0,4.0,0.2275490193,0.0858316735
texnet2020luoz,smi:local/Origin/20221020160512.139879.45770,Western Texas,2020-06-16 19:10:59.145840,1.884827799,32.05381393,-102.2971115,4.133989811,6.822881699,4.952421188,4.407107353,0.06505758315,6.0,4.0,0.19819715640000002,0.08646061983999999
texnet2019bheb,smi:local/Origin/20221020160533.75434.45753,Western Texas,2019-01-19 03:32:32.080210,1.8846979519999998,31.95516586,-102.29271700000001,1.81787169,2.558103323,3.3024077419999998,3.026080608,0.2728827596,7.0,5.0,0.37811764119999997,0.09316920659
texnet2019flos,smi:local/Origin/20221020160250.36433.45768,Western Texas,2019-03-19 11:37:02.795185,1.878344821,32.13947678,-102.6365814,5.289012908999999,4.681647778,3.917424202,7.005795479,0.07667174935,6.0,5.0,0.1275593312,0.1491624818
texnet2022bxuk,smi:local/Origin/20221020160504.069172.45760,Western Texas,2022-01-28 05:58:22.371869,1.878270009,32.38230515,-101.6258926,4.165565013999999,4.416565418,3.368579149,3.462175369,0.18285653,6.0,5.0,0.27362452600000003,0.2759595107
texnet2020mrsk,smi:local/Origin/20221020160243.148882.45813,Western Texas,2020-06-29 11:02:56.222202,1.87497312,32.11940002,-102.1267929,3.879306555,5.54621172,2.543988228,4.788928509,0.1595919132,6.0,4.0,0.33989226570000003,0.06426926095
texnet2019skfu,smi:local/Origin/20221020160422.601064.45765,Western Texas,2019-09-19 17:55:16.413877,1.8644613819999998,32.06292343,-102.3488388,16.05740738,6.1152734760000005,11.57629681,13.90962315,0.1793106496,6.0,4.0,0.2363956946,0.26119538579999996
texnet2018hirs,smi:local/Origin/20221020160453.71902.45771,Western Texas,2018-04-15 08:47:27.907458,1.856640695,32.1084404,-102.5651398,30.20282173,6.716861248,6.624209404,5.668047905,0.017872482539999998,6.0,4.0,0.7701421710999999,0.40653064590000004
texnet2020puop,smi:local/Origin/20221020160543.08521.45762,Western Texas,2020-08-12 17:08:03.163009,1.85541962,31.92194366,-102.2775497,4.8232970239999995,5.898069382,7.943132401000001,6.125658035,0.026936264710000005,6.0,4.0,0.47497639119999996,0.09654350333999999
texnet2018nqqh,smi:local/Origin/20221020160506.903501.45782,Western Texas,2018-07-14 02:22:44.975154,1.8453825330000002,32.010692600000006,-102.28911590000001,0.9861518145,4.9119491580000005,4.443982124,5.476902008,0.2462413907,6.0,5.0,0.37873912390000003,0.20124393010000002
texnet2020hbxb,smi:local/Origin/20221020160617.690051.45762,Western Texas,2020-04-10 15:31:57.657014,1.843922215,32.05745697,-102.3052063,3.9739563469999997,6.9742870329999995,4.883687019,4.346271992,0.07208443432999999,6.0,4.0,0.2886124308,0.09063036167
texnet2018euky,smi:local/Origin/20221020160301.29619.45755,Western Texas,2018-03-10 02:24:03.449962,1.84347648,31.99859238,-102.2649689,1.125206232,4.949286938,4.017836094,4.814905167,0.2699858546,6.0,5.0,0.43433551530000003,0.1440384449
texnet2018nddn,smi:local/Origin/20221020160306.155416.45771,Western Texas,2018-07-06 17:08:58.049019,1.8406083819999999,32.01874542,-102.28501130000001,2.7947404380000003,2.9056272510000003,4.105871677,4.231017113,0.24595575030000003,7.0,5.0,0.3749901896,0.4393257868
texnet2020ojuh,smi:local/Origin/20221020160535.758968.45756,Western Texas,2020-07-23 13:58:06.321793,1.837933396,31.99184799,-102.35626979999999,4.146102428,14.07020283,21.34977722,11.39354801,0.04631976411,6.0,4.0,0.4674441828,0.06449081092
texnet2020oldj,smi:local/Origin/20221020160206.016068.45768,Western Texas,2020-07-24 07:41:27.855922,1.837743017,32.04840851,-102.3221741,4.663706779,50.38706589,24.82901382,20.87652779,0.07580695301,6.0,4.0,0.1080920884,0.001854163284
texnet2020empu,smi:local/Origin/20221020160521.630844.45775,Western Texas,2020-03-04 19:44:53.881479,1.8349050480000002,31.93014526,-102.3178329,4.607888699,5.2876029010000005,2.956620693,4.50548172,0.08941002935,6.0,4.0,0.1038581373,0.07493737119
texnet2018umoi,smi:local/Origin/20221020160256.475539.45751,Western Texas,2018-10-19 11:35:37.415054,1.8337263,32.01004028,-102.2451172,1.116980433,4.792528152,3.9720075130000003,4.639612675,0.2804767787,6.0,5.0,0.3529229306,0.11683700720000001
texnet2020oxql,smi:local/Origin/20221020160141.75558.45771,Western Texas,2020-07-31 03:56:03.091993,1.8304890630000001,32.02793884,-102.260643,8.540507317000001,31.636186600000002,6.280543804,25.23025131,0.02805666812,6.0,4.0,0.3412276666,0.00938511359
texnet2020kvax,smi:local/Origin/20221020160542.730864.45783,Western Texas,2020-06-02 19:40:17.254281,1.830262389,32.12475967,-102.17958829999999,3.486961126,4.043088913,3.79049325,4.968651295,0.1385035366,6.0,4.0,0.2079484934,0.1031876002
texnet2019jyes,smi:local/Origin/20221020160204.869343.45782,Western Texas,2019-05-22 07:28:16.427762,1.8287289530000002,32.16509628,-102.6374207,7.178676605,3.700814962,6.794133662999999,10.43749905,0.08731099963,6.0,5.0,0.1204248905,0.1702844405
texnet2019cvqk,smi:local/Origin/20221020160324.446147.45770,Western Texas,2019-02-10 07:12:26.693123,1.822112331,32.14181137,-102.62611390000001,6.426577091,2.920433998,7.787969588999999,11.64592552,0.06881026179,6.0,4.0,0.2356634358,0.06632709921
texnet2020oarx,smi:local/Origin/20221020160210.280484.45762,Western Texas,2020-07-18 14:32:48.609770,1.816098429,31.937629700000002,-102.3258743,6.482021332,3.256831884,4.954341888,7.872071266,0.01690988056,6.0,4.0,0.47778511119999995,0.07776471132
texnet2019gqzo,smi:local/Origin/20221020160541.383272.45761,Western Texas,2019-04-05 16:17:55.188959,1.811398181,32.11581039,-102.654335,3.179186821,4.3290829660000005,2.27067852,3.247171164,0.08937162906,6.0,5.0,0.1775876799,0.1101739515
texnet2021pehg,smi:local/Origin/20221020160110.533559.45761,Western Texas,2021-08-04 19:14:35.590428,1.8077240730000002,32.29768753,-101.8040085,5.6778268810000005,5.677774906000001,19.8292141,5.402645588,0.034049361939999995,6.0,4.0,0.5060197525,0.047660130530000004
texnet2018dgps,smi:local/Origin/20221020160317.676116.45756,Western Texas,2018-02-16 07:21:41.665924,1.806360662,32.00107193,-102.3217087,1.7271810769999998,3.120736599,4.465615273,3.973502636,0.2266511768,6.0,4.0,0.47165313229999994,0.2759925808
texnet2019wavo,smi:local/Origin/20221020160231.12414.45778,Western Texas,2019-11-10 12:40:16.654134,1.801887341,31.95062828,-102.27878570000001,13.94743919,7.043374537999999,2.814916372,5.14239502,0.05451868847,7.0,5.0,0.2110217615,0.5724149867
texnet2020esch,smi:local/Origin/20221020160353.457354.45756,Western Texas,2020-03-07 19:44:21.603966,1.801053745,31.92685127,-102.31190490000002,3.792994022,1.8735562559999999,2.506443024,2.444576979,0.08907639980000001,9.0,7.0,0.6240132381,0.38699225509999996
texnet2020nbul,smi:local/Origin/20221020160451.538064.45816,Western Texas,2020-07-04 23:25:50.149403,1.799381268,32.12013245,-102.2136917,4.117272377,4.743361473,4.572334766,5.279868126,0.1237030029,6.0,4.0,0.18821628629999998,0.0638974714
texnet2019ftks,smi:local/Origin/20221020160450.094342.45768,Western Texas,2019-03-23 18:40:28.503791,1.788986236,32.13478088,-102.6510849,5.856539726,3.865866423,6.524702072,11.22015285,0.08773420006,6.0,5.0,0.1513260286,0.09463272654999999
texnet2020ossu,smi:local/Origin/20221020160307.865314.45780,Western Texas,2020-07-28 11:26:04.064160,1.7861074019999998,31.93786049,-102.32505040000001,7.424017906,3.2925822730000003,4.892352581,7.862615585,0.01662341505,6.0,4.0,0.4530792207,0.09929742623
texnet2019yces,smi:local/Origin/20221020160508.823969.45818,Western Texas,2019-12-09 17:31:19.349714,1.7843528309999999,31.974744800000003,-102.33663940000001,4.779873371,6.553646088,2.845420837,4.097840309,0.07579129933999999,6.0,4.0,0.1358621834,0.0590632402
texnet2020sljl,smi:local/Origin/20221020160107.652486.45772,Western Texas,2020-09-19 08:54:26.477231,1.7835255840000002,31.9682827,-102.31313320000001,7.503655434,5.541935444,5.219295502,8.937449455,0.016486253590000003,6.0,4.0,0.32021136920000004,0.07594370246
texnet2020wigg,smi:local/Origin/20221020160129.328198.45779,Western Texas,2020-11-13 14:02:35.394601,1.782228235,32.19614792,-102.7356415,5.0,14.78803253,11.14333057,fixed,0.17543151969999998,6.0,4.0,0.1894226037,0.14186218849999999
texnet2018mqmg,smi:local/Origin/20221020160044.48042.45773,Western Texas,2018-06-29 18:47:21.390512,1.779984047,32.02890396,-102.30398559999999,7.421820641,4.841095448,4.748901844,6.883385658,0.2271122336,6.0,5.0,0.34149133600000003,0.14856413
texnet2020ogfi,smi:local/Origin/20221020160252.751664.45770,Western Texas,2020-07-21 15:00:36.633382,1.7797422040000002,31.93812752,-102.3254776,7.400660038,3.272377253,4.991791248,7.898627758,0.01638431102,6.0,4.0,0.332844121,0.09819225629
texnet2020hbxa,smi:local/Origin/20221020160133.14175.45757,Western Texas,2020-04-10 15:31:21.151243,1.7762546609999998,32.03621674,-102.3212128,5.372536659,3.9917662139999996,2.719783783,4.386951447,0.06812249869,6.0,4.0,0.4517775072,0.07557177436000001
texnet2020woth,smi:local/Origin/20221020160549.308724.45793,Western Texas,2020-11-17 03:26:24.069402,1.770048445,32.28940201,-102.1517181,7.793388367,5.565152645,5.572369098999999,50.4934082,0.30043518539999997,7.0,7.0,0.2774497209,0.04606180022
texnet2018inja,smi:local/Origin/20221020160440.594227.45784,Western Texas,2018-05-02 03:36:07.901983,1.769087707,32.0249939,-102.26142879999999,5.0,4.155076027,2.662438631,fixed,0.262011677,7.0,6.0,0.1966593398,0.6286068968
texnet2020bdhb,smi:local/Origin/20221020160044.380771.45769,Western Texas,2020-01-17 00:30:15.281966,1.768374338,31.92212486,-102.3198929,4.201802731,5.675247669,2.835639477,4.921433926,0.09684373437999999,6.0,4.0,0.3641605631,0.034697764910000005
texnet2020vicu,smi:local/Origin/20221020160535.831804.45792,Western Texas,2020-10-30 06:45:12.558866,1.763404676,32.41307068,-101.5825272,4.6841812130000005,3.278962374,5.7989091870000005,6.661533833,0.3164664209,6.0,5.0,0.2821051987,0.026028262830000003
texnet2020nebh,smi:local/Origin/20221020160310.262904.45782,Western Texas,2020-07-06 05:09:56.221355,1.756544105,31.99490929,-102.3316269,9.361976624,4.778581142,2.903686285,5.589183331,0.06724283844,6.0,4.0,0.2889180377,0.22552246480000002
texnet2018ndjj,smi:local/Origin/20221020160415.311988.45761,Western Texas,2018-07-06 20:06:12.989275,1.75385275,32.0159874,-102.30684659999999,5.8165812489999995,3.8442947860000003,8.23917675,12.55623913,0.230409205,6.0,4.0,0.39390738200000003,0.26768561890000003
texnet2018namu,smi:local/Origin/20221020160520.738432.45759,Western Texas,2018-07-05 06:25:59.073288,1.7528798190000001,32.02280045,-102.256218,2.43445158,4.86446476,4.925529957,5.82644701,0.2669302821,6.0,5.0,0.35766873880000005,0.22139606690000002
texnet2020punj,smi:local/Origin/20221020160616.814269.45759,Western Texas,2020-08-12 16:30:36.048081,1.744640978,31.97045708,-102.3113937,6.602216244,5.638676642999999,5.430134296,8.862356186,0.019110130149999998,6.0,4.0,0.3186467253,0.04813896608
texnet2020fuga,smi:local/Origin/20221020160502.660039.45773,Western Texas,2020-03-23 05:26:50.342658,1.742026056,31.92217827,-102.31509399999999,4.485762118999999,4.347648621,2.83457303,3.605928659,0.09445400536000001,7.0,5.0,0.3301177522,0.059180269199999996
texnet2018yuep,smi:local/Origin/20221020160333.147732.45754,Western Texas,2018-12-19 13:54:09.678342,1.73721216,32.05450058,-102.25568390000001,3.102943897,3.955095291,4.813591003,5.689726353,0.2575330138,6.0,4.0,0.269857892,0.07713933927
texnet2020emkc,smi:local/Origin/20221020160141.286967.45793,Western Texas,2020-03-04 16:52:00.339562,1.7314675130000001,31.93169785,-102.31343840000001,5.18903017,5.887606621000001,3.047110796,10.07491589,0.08590593189,6.0,4.0,0.07806184777000001,0.08429892866000001
texnet2017xsiu,smi:local/Origin/20221020160101.731557.45756,Western Texas,2017-12-04 08:12:17.004371,1.726072526,32.00882721,-102.2884064,5.0,3.283104181,4.078528404,fixed,0.24761129920000002,7.0,5.0,0.4065161799,0.42253039
texnet2020rhqv,smi:local/Origin/20221020160212.773738.45753,Western Texas,2020-09-03 02:34:00.578258,1.717655238,31.97506523,-102.30399320000001,5.798884869,5.7144217489999996,5.606964111,8.626549721,0.026556778700000002,6.0,4.0,0.23538114850000003,0.04510163301
texnet2019eqpx,smi:local/Origin/20221020160450.077815.45782,Western Texas,2019-03-08 00:21:22.198522,1.717312797,32.14001846,-102.65769959999999,3.893989801,3.960689068,4.230905056,4.49712038,0.09423126279999999,6.0,5.0,0.1858505618,0.03936616814
texnet2020omzt,smi:local/Origin/20221020160335.403974.45840,Western Texas,2020-07-25 08:08:02.808999,1.715000361,32.10790253,-102.2222137,5.564610957999999,19.02955055,25.37449837,20.00395775,0.110077545,6.0,5.0,0.2939114853,0.031245453149999998
texnet2020rmbz,smi:local/Origin/20221020160403.966306.45779,Western Texas,2020-09-05 12:44:33.166068,1.7115669669999998,32.11104202,-102.1319199,4.749135494,9.898387909,4.040300846,6.24096632,0.1505111456,6.0,5.0,0.4158149339,0.02570023435
texnet2020qrzh,smi:local/Origin/20221020160422.917602.45767,Western Texas,2020-08-25 12:39:37.380761,1.7094192209999999,31.97088432,-102.3111801,6.39158535,5.674563407999999,5.488348007000001,8.854972839,0.01956551522,6.0,4.0,0.4269882754,0.05283071791999999
texnet2020ukqz,smi:local/Origin/20221020160155.659475.45778,Western Texas,2020-10-17 10:39:24.531463,1.7001749419999999,31.96943092,-102.30948640000001,6.818408966000001,5.2904362680000006,4.989780903,8.682268143,0.019252533090000003,6.0,4.0,0.36811357640000003,0.06214100128
texnet2018mayd,smi:local/Origin/20221020160204.596765.45761,Western Texas,2018-06-21 06:37:55.682861,1.70011564,32.02228928,-102.27346800000001,0.8762490748999999,2.978675127,3.869556427,3.957638979,0.2535386086,7.0,5.0,0.3463780198,0.35993083979999996
texnet2020oqsl,smi:local/Origin/20221020160302.312731.45771,Western Texas,2020-07-27 09:00:01.085304,1.699405329,31.9371891,-102.32450870000001,6.689673901,3.3061983589999997,4.700516223999999,7.763701439,0.016467195,6.0,4.0,0.4347124559,0.08107251977
texnet2020vcvb,smi:local/Origin/20221020160607.947329.45778,Western Texas,2020-10-27 09:10:20.281538,1.697387252,32.41226959,-101.5864716,4.957947254,3.358716965,5.390883923,6.462301254,0.31455129379999996,6.0,5.0,0.27121129190000004,0.043766183099999995
texnet2020fuji,smi:local/Origin/20221020160323.396932.45779,Western Texas,2020-03-23 07:06:36.834337,1.69690456,31.92061806,-102.3142166,4.227097511,5.687466621,2.894629002,4.981532097,0.095335491,6.0,4.0,0.34642367820000003,0.03684980525
texnet2020ogzm,smi:local/Origin/20221020160244.169963.45775,Western Texas,2020-07-22 01:11:08.653055,1.6956750180000002,31.93773842,-102.32528690000001,7.590251446,3.298550367,4.924503803,7.911790848,0.016758326440000002,6.0,4.0,0.2036895248,0.1053471558
texnet2020nqyz,smi:local/Origin/20221020160432.314235.45827,Western Texas,2020-07-13 06:45:18.789145,1.682604456,32.1194725,-102.1367645,4.547258854,9.806362152,4.100590229,6.371020317,0.1541008502,6.0,5.0,0.2629245174,0.009602345109
texnet2020qmjg,smi:local/Origin/20221020160452.580139.45769,Western Texas,2020-08-22 10:53:05.581623,1.678861375,31.97021103,-102.3134155,7.043558121,5.875567436,5.748851776,9.095252991,0.018000245090000002,6.0,4.0,0.49306022039999997,0.06755884322000001
texnet2018xdnr,smi:local/Origin/20221020160514.386867.45758,Western Texas,2018-11-26 05:38:21.982378,1.678795236,31.977315899999997,-102.3157272,5.075212479,4.0869054789999995,7.847745895,13.37067795,0.24402982,6.0,5.0,0.3268399774,0.1274594426
texnet2021jxhv,smi:local/Origin/20221020160349.877013.45746,Western Texas,2021-05-21 19:54:47.510274,1.678371078,32.40393829,-102.1344223,4.988337994,2.196172953,1.729380608,2.384183407,0.2738109231,10.0,7.0,0.5005647939,0.172302979
texnet2021obkk,smi:local/Origin/20221020160125.585754.45771,Western Texas,2021-07-19 23:53:08.332202,1.671151347,32.38659668,-101.6476669,3.730214357,4.185843468,3.3438761230000003,3.445548773,0.1533411592,7.0,6.0,0.17381737960000002,0.03363621023
texnet2020rrwc,smi:local/Origin/20221020160540.594807.45777,Western Texas,2020-09-08 16:35:37.409716,1.6618012880000002,31.93810081,-102.3255997,7.4199099539999995,3.2718584539999997,5.00974369,7.91628933,0.01641990058,6.0,4.0,0.3102313731,0.09974737832000001
texnet2019doez,smi:local/Origin/20221020160424.35311.45767,Western Texas,2019-02-20 11:01:38.018885,1.6609408630000002,32.11455536,-102.6260071,1.888759375,4.80731678,3.571122646,4.456622601,0.06546529382,6.0,6.0,0.26704404449999997,0.1336484705
texnet2021qqyc,smi:local/Origin/20221020160112.396136.45765,Western Texas,2021-08-25 22:55:20.095671,1.659798705,32.47685242,-101.6709518,6.044176102000001,2.287442207,2.377786875,5.781991005,0.1864458025,9.0,6.0,0.17710367800000001,0.1330643395
texnet2020qqmc,smi:local/Origin/20221020160208.417717.45761,Western Texas,2020-08-24 16:51:58.009616,1.659364073,31.97377777,-102.28733829999999,5.006264687,8.198251724,7.091460228,8.234824181,0.03650462255,6.0,4.0,0.1803287664,0.01710456137
texnet2019mgby,smi:local/Origin/20221020160442.412077.45794,Western Texas,2019-06-24 02:13:29.132252,1.64655112,32.04649353,-102.2949066,4.465007782,4.409060001,4.871012688,6.042912483,0.22794148329999997,6.0,5.0,0.1444450078,0.10023241529999999
texnet2021obkl,smi:local/Origin/20221020160043.428214.45747,Western Texas,2021-07-19 23:53:38.154443,1.6437682130000002,32.3805542,-101.6430359,4.6015448569999995,2.68012929,2.104904175,2.559691429,0.1553678066,8.0,5.0,0.1373431574,0.07721998477000001
texnet2021qqnu,smi:local/Origin/20221020160251.59687.45762,Western Texas,2021-08-25 17:42:36.334464,1.6409634169999998,32.47701645,-101.6692276,5.5078005789999995,2.571379185,2.323118925,5.785159111,0.1875549406,8.0,6.0,0.30055023399999997,0.1136703541
texnet2020wwls,smi:local/Origin/20221020160433.788193.45805,Western Texas,2020-11-21 08:41:17.191700,1.635826306,32.07431793,-102.10677340000001,2.8237965110000003,33.21656418,6.00731802,5.77892828,0.1441365033,6.0,5.0,0.2864730676,0.02759376058
texnet2020pcho,smi:local/Origin/20221020160306.533469.45774,Western Texas,2020-08-02 17:07:18.194569,1.6337790269999999,31.93486977,-102.3213425,7.6769928929999995,3.489000797,4.116580009,7.744716167,0.013622479509999999,6.0,4.0,0.4512028732,0.1170254872
texnet2020qold,smi:local/Origin/20221020160245.815615.45762,Western Texas,2020-08-23 14:06:18.950099,1.6256232369999999,31.960704800000002,-102.32315059999999,9.200174332000001,6.752296447999999,7.963313103,11.14741802,0.006213007029000001,6.0,4.0,0.47805775009999996,0.1136757579
texnet2020paoj,smi:local/Origin/20221020160359.681558.45775,Western Texas,2020-08-01 18:17:53.768077,1.6242005069999998,31.93515778,-102.2900162,5.716737747000001,4.766133308,6.714789391,12.23844051,0.0130142821,6.0,4.0,0.4822310382,0.1738602632
texnet2020fujk,smi:local/Origin/20221020160056.50506.45782,Western Texas,2020-03-23 07:09:24.868565,1.6235746880000002,31.92271996,-102.31639859999999,4.504660606,4.347462654,2.8214118480000003,3.597187519,0.09463661163999999,7.0,5.0,0.3732245831,0.052175007249999995
texnet2020pbtt,smi:local/Origin/20221020160514.184431.45780,Western Texas,2020-08-02 10:08:35.974200,1.617453384,31.93508339,-102.3199615,7.076010227,3.495209455,3.942346811,7.580121994,0.01244895719,6.0,4.0,0.5338990523,0.10726144230000001
texnet2021quav,smi:local/Origin/20221020160417.086837.45753,Western Texas,2021-08-27 15:42:39.326833,1.6154621219999998,32.26880264,-101.8143845,5.145305157,2.693323135,2.2347288130000003,5.608465195,0.01932017878,7.0,4.0,0.4911200865,0.01845071142
texnet2020qigb,smi:local/Origin/20221020160100.521378.45784,Western Texas,2020-08-20 04:43:37.954299,1.612250507,32.10855103,-102.1219406,4.700379372,30.80528069,61.40950775,28.37562752,0.1546740234,6.0,5.0,0.1798974598,0.01490970124
texnet2020rkul,smi:local/Origin/20221020160158.810854.45746,Western Texas,2020-09-04 19:47:28.235429,1.611935225,31.97622108,-102.30398559999999,5.742990494,5.914730072,5.810221672000001,8.686019897,0.0274601616,6.0,4.0,0.25934349489999997,0.03934553941
texnet2020dnfh,smi:local/Origin/20221020160335.990687.45779,Western Texas,2020-02-19 22:02:59.786233,1.6105770480000001,31.975914000000003,-102.3181915,5.160770416,9.883572577999999,3.1530728339999996,5.666695595,0.060801412910000005,6.0,4.0,0.2265846772,0.07788549921
texnet2019vfee,smi:local/Origin/20221020160357.205811.45814,Western Texas,2019-10-29 16:02:26.970840,1.609720777,31.93711281,-102.3193207,5.335025311,6.071433544,2.9995825289999996,10.00487518,0.08489707857,6.0,4.0,0.1320624269,0.1133112825
texnet2017yvyo,smi:local/Origin/20221020160043.976615.45751,Western Texas,2017-12-20 13:07:42.936760,1.607556384,32.02028656,-102.2776718,1.536921024,2.903048038,6.381192207000001,4.637872696,0.2510350347,6.0,4.0,0.369558425,0.35367023090000005
texnet2019vrlu,smi:local/Origin/20221020160553.322268.45820,Western Texas,2019-11-05 09:31:44.386417,1.60742411,31.93042374,-102.31889340000001,4.739937305,5.312709808,2.9554772380000003,4.502921581,0.08975363523,6.0,4.0,0.10320171869999999,0.06701159415
texnet2020olnx,smi:local/Origin/20221020160240.709433.45752,Western Texas,2020-07-24 13:01:36.203726,1.6067834669999999,31.99478531,-102.363327,3.8617229460000004,14.82934761,22.36144638,12.08469486,0.05233186111,6.0,4.0,0.4622287551,0.07140869844
texnet2020rydw,smi:local/Origin/20221020160319.204942.45762,Western Texas,2020-09-12 03:19:59.622899,1.5938426319999999,31.93749428,-102.3231583,7.731043339,3.358073235,4.583498955,7.711503029,0.01537789684,6.0,4.0,0.40225343280000003,0.1140096742
texnet2020woli,smi:local/Origin/20221020160158.559773.45769,Western Texas,2020-11-16 23:25:13.443297,1.58716646,32.29012299,-102.1525574,4.610135555,5.11749649,11.85547352,5.794570446,0.3009222448,6.0,5.0,0.2463657217,0.008718243018
texnet2018xzni,smi:local/Origin/20221020160043.456059.45748,Western Texas,2018-12-08 06:27:16.238539,1.584316223,32.04064178,-102.2995834,4.021752834,4.682542324,5.567130089,7.400018215,0.22616967559999998,6.0,5.0,0.45457678869999996,0.1270242674
texnet2019iylk,smi:local/Origin/20221020160258.891702.45769,Western Texas,2019-05-08 05:18:59.083003,1.578257754,32.14662933,-102.60232540000001,5.609748363,2.5463399890000002,4.574650763999999,6.095226765,0.052314601839999995,7.0,5.0,0.2572620862,0.3153251237
texnet2020ften,smi:local/Origin/20221020160501.463443.45760,Western Texas,2020-03-22 15:32:58.733449,1.571540165,32.13793182,-102.6872406,2.4611179830000003,4.13215065,9.008958817,6.98408556,0.1185204834,6.0,4.0,0.314891118,0.08938445614
texnet2020ijza,smi:local/Origin/20221020160236.789001.45784,Western Texas,2020-04-29 07:09:34.880804,1.568537219,31.93190193,-102.3132172,5.089419842,5.88010931,3.041529655,10.05838394,0.08563027530999999,6.0,4.0,0.1882088103,0.08786084412999999
texnet2020zsjs,smi:local/Origin/20221020160521.48884.45759,Western Texas,2020-12-31 19:45:13.667471,1.5634887519999998,32.28898239,-101.8150787,4.694988728,2.009003639,3.092356443,2.320797443,0.3103523254,11.0,7.0,0.4728928311,0.2208308447
texnet2020vlnh,smi:local/Origin/20221020160058.628663.45766,Western Texas,2020-11-01 03:27:29.797884,1.5593101790000001,32.413360600000004,-101.5771408,4.5119504930000005,3.3526256080000003,5.316989899,6.473743439,0.3196558356,6.0,5.0,0.2795976852,0.06320051957
texnet2019cxjt,smi:local/Origin/20221020160136.407901.45752,Western Texas,2019-02-11 06:07:00.184730,1.555453617,32.13747025,-102.67107390000001,2.1828083990000002,3.277716398,7.8795275689999995,5.524832726,0.1049025953,6.0,4.0,0.24185029670000002,0.24593854420000003
texnet2020oblp,smi:local/Origin/20221020160044.726794.45767,Western Texas,2020-07-19 00:30:06.335914,1.5553164419999999,31.93756676,-102.32552340000001,6.563268661,3.268042326,4.893748283,7.842752457,0.016944697130000002,6.0,4.0,0.4301613982,0.07406422435
texnet2020sxwb,smi:local/Origin/20221020160505.969251.45805,Western Texas,2020-09-26 04:54:30.047936,1.5514229309999998,32.09003448,-102.1194382,4.710517406,41.31372452,7.94015646,8.268258095,0.1441188008,6.0,5.0,0.2654426172,0.028309294080000002
texnet2020trzb,smi:local/Origin/20221020160546.194816.45773,Western Texas,2020-10-07 05:08:55.628137,1.545228321,32.10385513,-102.1267395,4.859433173999999,36.37059402,7.777486801,8.920437813,0.14849235119999998,6.0,5.0,0.3544580711,0.021890578980000002
texnet2020vibg,smi:local/Origin/20221020160515.654258.45799,Western Texas,2020-10-30 05:57:50.468546,1.545161433,32.07860184,-102.1835938,10.35142612,27.97055626,33.92611313,37.43773651,0.09745936096,6.0,5.0,0.2683561632,0.03641816625
texnet2020sldz,smi:local/Origin/20221020160315.083137.45763,Western Texas,2020-09-19 06:09:17.414999,1.541759532,31.96900177,-102.3143234,7.520075321,5.823900223,5.6473107339999995,9.140692711,0.01657104492,6.0,4.0,0.3172433802,0.07485332781000001
texnet2020lplq,smi:local/Origin/20221020160405.97699.45744,Western Texas,2020-06-13 23:48:21.825503,1.533768077,31.96681213,-102.3312607,4.309546947,6.003456592999999,2.381217957,4.314775944,0.07473019511,6.0,4.0,0.3311754235,0.023181048939999997
texnet2020quhv,smi:local/Origin/20221020160527.238018.45754,Western Texas,2020-08-26 19:14:46.813433,1.5307918230000002,31.92913055,-102.2838287,4.964820385,5.307534218,6.9161419870000005,5.651768684,0.01917055808,6.0,4.0,0.7008794294,0.1426321626
texnet2020trza,smi:local/Origin/20221020160403.907065.45789,Western Texas,2020-10-07 05:07:55.305361,1.528906533,32.13077927,-102.1285019,3.965236902,42.0020752,8.936963081,12.45141029,0.167260915,6.0,5.0,0.1683971523,0.01364966696
texnet2020jwbr,smi:local/Origin/20221020160137.550029.45765,Western Texas,2020-05-20 03:39:39.258611,1.524151045,32.12829208,-102.21385959999999,3.803702354,5.868270397000001,4.765558243,4.895928383,0.1315224469,6.0,4.0,0.2191201093,0.06208459326
texnet2020sdcn,smi:local/Origin/20221020160553.058561.45784,Western Texas,2020-09-14 20:19:57.978639,1.523635013,31.85894966,-101.9077377,4.925083637,4.301519394,4.997679234,3.718958378,0.1499438733,7.0,5.0,0.5360762602,0.06610305117000001
texnet2019xtgj,smi:local/Origin/20221020160441.360557.45797,Western Texas,2019-12-04 20:07:53.643844,1.518294251,31.98209381,-102.33406070000001,5.720803261,7.448086739,3.134676456,8.521181107,0.07149941473999999,6.0,4.0,0.2184816573,0.06856121665
texnet2019fgeh,smi:local/Origin/20221020160150.840371.45753,Western Texas,2019-03-16 12:40:13.419974,1.5156302609999999,32.13521957,-102.6585083,3.1756401060000004,3.966474056,4.211202621,4.490852833,0.09401918203,6.0,5.0,0.21228959449999998,0.2007103602
texnet2020elhi,smi:local/Origin/20221020160247.087413.45783,Western Texas,2020-03-04 02:20:02.155483,1.5130165880000002,31.92846489,-102.3140869,4.66693449,5.215304852,2.9848897460000003,4.514992714,0.08882793784,6.0,4.0,0.1087380211,0.06208485245
texnet2020skzf,smi:local/Origin/20221020160250.545777.45767,Western Texas,2020-09-19 03:44:57.796834,1.507619709,31.96830368,-102.3117676,7.424047947,5.37896204,5.017332553999999,8.815937996,0.0171718467,6.0,4.0,0.318183121,0.07526132499
texnet2020nrse,smi:local/Origin/20221020160043.985867.45755,Western Texas,2020-07-13 16:28:00.243820,1.507337029,32.10067368,-102.2146378,6.45246315,17.12696838,18.831914899999997,24.36050415,0.10489149390000001,6.0,4.0,0.2418527187,0.04357550842
texnet2020dnew,smi:local/Origin/20221020160532.508081.45757,Western Texas,2020-02-19 21:50:10.203730,1.497335116,31.98334885,-102.3168564,5.332542419,10.20376301,3.325018167,5.373526573,0.05711052938999999,6.0,4.0,0.2285284021,0.05821863349
texnet2019mgac,smi:local/Origin/20221020160548.647767.45802,Western Texas,2019-06-24 01:17:27.814069,1.493079204,32.0491066,-102.29187009999998,3.952817678,4.371900082,4.822068214,6.057486534,0.229563877,6.0,5.0,0.1556750001,0.1078404026
texnet2020oull,smi:local/Origin/20221020160515.909864.45753,Western Texas,2020-07-29 10:00:34.350471,1.4917432940000002,32.22238541,-102.1609955,5.0,9.656588553999999,7.0514569279999995,fixed,0.23443830010000002,6.0,4.0,0.3847869898,0.08438802986999999
texnet2021glex,smi:local/Origin/20221020160043.888833.45750,Western Texas,2021-04-02 12:10:57.252072,1.490147956,32.26938248,-101.8158875,5.202661991,4.134447098,6.57508564,8.44431591,0.02068300173,6.0,4.0,0.5793934532,0.01390187165
texnet2019winy,smi:local/Origin/20221020160423.173209.45788,Western Texas,2019-11-14 17:54:59.604090,1.488272222,31.93285179,-102.319725,4.611979961,5.345010757,2.924410105,4.491624355,0.08833248912999998,6.0,4.0,0.1297812022,0.09954663422
texnet2020oafh,smi:local/Origin/20221020160506.307999.45770,Western Texas,2020-07-18 08:10:47.541781,1.48602645,31.93818092,-102.32648470000001,6.649429321,3.228566647,5.13172245,7.944705486,0.016425846140000002,6.0,4.0,0.46002778130000005,0.07702033092
texnet2020owml,smi:local/Origin/20221020160042.606205.45746,Western Texas,2020-07-30 12:46:18.674876,1.484919551,31.93384552,-102.2866592,5.4852786060000005,5.050232887,6.92632246,12.57979679,0.01590444334,6.0,4.0,0.6286042773,0.1510758871
texnet2020wozm,smi:local/Origin/20221020160538.336481.45777,Western Texas,2020-11-17 06:33:42.257276,1.484484476,32.2964325,-102.1201706,4.95979023,4.948949337,12.51504135,52.43258286,0.3156753778,7.0,7.0,0.2647433763,0.055652509870000005
texnet2020rxxp,smi:local/Origin/20221020160300.615481.45757,Western Texas,2020-09-12 00:09:42.083671,1.483626036,31.97218513,-102.31802370000001,6.62420702,7.049546718999999,7.768077374,10.21086121,0.018313476819999997,6.0,4.0,0.45178182380000004,0.05981587546
texnet2020nqzg,smi:local/Origin/20221020160456.07937.45777,Western Texas,2020-07-13 06:54:30.395625,1.4694511590000001,32.10845947,-102.13271329999999,4.779530525,37.82157516,8.426519394,9.846862793,0.1481744498,6.0,5.0,0.3040034193,0.006053935742
texnet2021pdyu,smi:local/Origin/20221020160310.655753.45764,Western Texas,2021-08-04 14:58:13.245018,1.456068664,32.3745575,-101.9695053,3.4568011760000004,4.133068085,12.45622349,7.392721176,0.1313806921,6.0,4.0,0.1259020398,0.2549939121
texnet2020ruex,smi:local/Origin/20221020160119.437735.45752,Western Texas,2020-09-09 23:18:08.206639,1.44704278,31.97631645,-102.3050995,6.2897925379999995,6.047551632,5.9468855860000005,8.816192627,0.026964966210000003,6.0,4.0,0.23364634010000002,0.04852049003
texnet2020xajy,smi:local/Origin/20221020160539.439219.45774,Western Texas,2020-11-23 12:21:04.203534,1.44660144,32.11402512,-102.1440506,4.722721577,13.86401653,4.229392529,6.967408657,0.1459768713,6.0,5.0,0.3250362194,0.0192669856
texnet2020pgze,smi:local/Origin/20221020160438.80185.45761,Western Texas,2020-08-05 06:34:11.384100,1.4459545880000002,31.93684196,-102.32749940000001,8.022818565,3.3187232019999997,5.224175453,8.239131927,0.01787856221,6.0,4.0,0.4342279315,0.11081290099999999
texnet2019ypre,smi:local/Origin/20221020160306.038837.45767,Western Texas,2019-12-17 02:34:20.734521,1.439739408,31.93042755,-102.328125,4.361893654,2.622450352,2.911239147,3.112649202,0.09486163407999999,7.0,4.0,0.40518623439999996,0.09418645197999999
texnet2020rowd,smi:local/Origin/20221020160510.99422.45780,Western Texas,2020-09-07 01:11:39.922757,1.438421039,32.07236481,-102.27711490000002,4.528801441000001,8.165446281,6.941969395,4.963064194,0.07447072119,6.0,4.0,0.05702366575,0.03890196687
texnet2021aadq,smi:local/Origin/20221020160327.0425.45772,Western Texas,2021-01-01 01:50:33.012438,1.436806964,32.27827835,-101.73771670000001,7.373581409,4.161706448,11.0881691,14.19964314,0.30403816699999997,6.0,5.0,0.3263460932,0.1048283918
texnet2020ihdl,smi:local/Origin/20221020160429.089791.45762,Western Texas,2020-04-27 17:59:12.346176,1.4349789469999998,31.93237114,-102.33412170000001,4.497221947,2.663752794,2.8811736110000004,3.121370792,0.09700554608999999,7.0,4.0,0.3923326306,0.09838471052000002
texnet2020zsjk,smi:local/Origin/20221020160409.562074.45762,Western Texas,2020-12-31 19:35:10.995995,1.4291811030000001,32.29288864,-101.7939758,3.66772151,3.9996285439999997,8.076943398,6.524528503,0.3140237331,6.0,5.0,0.1958039609,0.03506941881
texnet2020pbtl,smi:local/Origin/20221020160412.000851.45772,Western Texas,2020-08-02 09:59:32.661790,1.425241009,31.93601799,-102.3209991,6.862252235,3.4317324160000005,4.126810074,7.550275803,0.01337337773,6.0,4.0,0.5029229833,0.09688108896
texnet2020qrlp,smi:local/Origin/20221020160441.840002.45815,Western Texas,2020-08-25 05:44:06.264471,1.4213412840000001,32.10590744,-102.13306429999999,4.829827309,37.26943588,8.336166382,9.536495209,0.1461318582,6.0,5.0,0.1671764888,0.009667810240000001
texnet2021hmqg,smi:local/Origin/20221020160528.67902.45753,Western Texas,2021-04-17 12:35:41.496874,1.4168032959999999,32.28124619,-101.75315859999999,4.909612179,2.8640270230000002,10.90611744,6.168683052,0.036631513389999995,6.0,4.0,0.2970040828,0.04106307183
texnet2021mjzm,smi:local/Origin/20221020160223.869322.45750,Western Texas,2021-06-26 05:32:06.022344,1.415573121,32.38611221,-101.62527469999999,4.242093086000001,2.676915169,5.537899017000001,4.832004547,0.1713326573,7.0,5.0,0.251506675,0.20802091399999997
texnet2020qtpw,smi:local/Origin/20221020160358.53448.45750,Western Texas,2020-08-26 10:10:52.002989,1.4089088859999999,31.97081566,-102.3112183,6.500164986000001,5.673154831000001,5.483565331,8.865086555,0.019490517680000003,6.0,4.0,0.3673160257,0.05837993955
texnet2020otrb,smi:local/Origin/20221020160506.891398.45744,Western Texas,2020-07-28 23:42:36.106204,1.407784944,32.1234436,-102.2008286,4.573747635,9.325147629,8.821023941,4.079558849,0.13016991320000001,8.0,6.0,0.3476317611,0.1780732919
texnet2020oaxy,smi:local/Origin/20221020160425.834068.45750,Western Texas,2020-07-18 17:35:54.227205,1.386771204,31.93659782,-102.3233185,7.314822674,3.373476744,4.497783661000001,7.743867397,0.01539099868,6.0,4.0,0.5157520243,0.11012825359999999
texnet2020ibha,smi:local/Origin/20221020160530.454226.45772,Western Texas,2020-04-24 12:57:56.636126,1.383110637,31.93034363,-102.3132706,4.62420845,5.215765953,2.9637804030000003,4.508043766,0.08690533042000001,6.0,4.0,0.1658059496,0.08980789411000001
texnet2020vyox,smi:local/Origin/20221020160154.462276.45759,Western Texas,2020-11-08 07:02:32.993486,1.37533574,32.10682297,-102.1098938,5.2594094280000006,2.255022526,1.8472943309999998,4.02118063,0.161040023,13.0,11.0,0.7000153114,0.18196094699999998
texnet2020wgcv,smi:local/Origin/20221020160543.814654.45793,Western Texas,2020-11-12 10:02:19.610288,1.3712540640000002,31.93845749,-102.3312607,7.40161562,3.217934847,6.165109633999999,8.717230797,0.01719205081,6.0,4.0,0.14703004890000002,0.09097065713
texnet2020wmua,smi:local/Origin/20221020160503.943143.45777,Western Texas,2020-11-16 01:31:54.828200,1.369638551,31.97196388,-102.37114720000001,4.949581146,5.827208519,4.475767612,4.508924007,0.04380754381,6.0,5.0,0.34786179619999996,0.031178858969999997
texnet2020kbyg,smi:local/Origin/20221020160151.677034.45830,Western Texas,2020-05-23 08:45:12.061474,1.369130507,32.12283707,-102.2081146,4.181869507,5.710134029,4.730987072,4.871385098,0.1276286095,6.0,4.0,0.1497392622,0.07140082668
texnet2020skmi,smi:local/Origin/20221020160200.870247.45744,Western Texas,2020-09-18 21:14:03.941645,1.3650187669999998,32.07579422,-102.2194748,7.155093193,6.4963469510000005,6.828778744,6.260262966,0.08011797071,9.0,6.0,0.5063956014,0.1649483348
texnet2019reqi,smi:local/Origin/20221020160514.464124.45788,Western Texas,2019-09-02 10:54:17.967644,1.3507198059999999,31.931167600000002,-102.3143692,4.631497383,5.240997791,2.9516432289999996,4.503547668,0.08680430800000001,6.0,4.0,0.1465479205,0.08704729486
texnet2020qwzp,smi:local/Origin/20221020160131.344212.45750,Western Texas,2020-08-28 06:29:39.200898,1.349558225,32.10385513,-102.1172256,5.380880832999999,3.964090586,2.032702684,3.657090664,0.1544164121,11.0,10.0,0.5560409575999999,0.1496901158
texnet2020qcga,smi:local/Origin/20221020160517.178969.45750,Western Texas,2020-08-16 21:53:21.562449,1.347232896,31.97613716,-102.3037033,5.66698885,5.875437737,5.771410465,8.658432961,0.027542775499999998,6.0,4.0,0.2810507445,0.0335956604
texnet2020pauh,smi:local/Origin/20221020160312.565586.45764,Western Texas,2020-08-01 21:16:50.328907,1.344285362,31.93420219,-102.3187408,7.101456165,3.556378603,3.755873203,7.596582413,0.01143416017,6.0,4.0,0.5080521084,0.10668424300000001
texnet2020oppg,smi:local/Origin/20221020160536.710449.45749,Western Texas,2020-07-26 18:14:41.322635,1.3402020940000001,31.93674088,-102.32472990000001,6.855322361,3.324612379,4.696681498999999,7.824200153,0.01659941301,6.0,4.0,0.463469413,0.09330724467
texnet2020ocfh,smi:local/Origin/20221020160420.089564.45743,Western Texas,2020-07-19 10:27:10.887235,1.3280156570000001,31.93789673,-102.3265686,6.58419323,3.237732172,5.108193398,7.95616293,0.01671630517,6.0,4.0,0.3635797718,0.0746415217
texnet2020odbo,smi:local/Origin/20221020160238.001613.45767,Western Texas,2020-07-19 21:41:47.475882,1.319990306,32.1099968,-102.18535609999999,4.874201775,8.315166473,4.199729919,6.198287487,0.1231735721,6.0,5.0,0.2823312648,0.01852148044
texnet2020rosy,smi:local/Origin/20221020160559.914835.45748,Western Texas,2020-09-06 23:35:29.696975,1.316279478,31.97874641,-102.2935181,5.085886955,9.703986168,8.325181961,7.208086967,0.03534195945,6.0,4.0,0.3507139139,0.022714406630000003
texnet2020pnys,smi:local/Origin/20221020160200.585973.45752,Western Texas,2020-08-09 02:16:55.290109,1.3091257440000001,31.93317413,-102.321907,7.587985516,3.5260124210000003,4.105286598,7.884591579,0.01421219483,6.0,4.0,0.7112985523,0.12121144519999999
texnet2020wlmm,smi:local/Origin/20221020160431.43977.45763,Western Texas,2020-11-15 08:35:25.976268,1.308158807,32.16466141,-102.0920792,5.0,6.416252612999999,11.08833599,fixed,0.21298253539999998,6.0,4.0,0.21735277600000003,0.122847716
texnet2021abgy,smi:local/Origin/20221020160534.691256.45747,Western Texas,2021-01-01 16:38:46.419574,1.306310761,32.28869247,-101.8236389,2.713946581,1.8402330880000002,3.400799513,2.745863438,0.3104484975,9.0,6.0,0.3179443509,0.3105806679
texnet2020panu,smi:local/Origin/20221020160115.885447.45753,Western Texas,2020-08-01 17:59:56.730579,1.303426449,31.93485069,-102.3181,7.37215662,3.5625593660000003,3.736983776,7.523661137,0.010865780520000002,6.0,4.0,0.5519925435999999,0.11441153150000001
texnet2020pner,smi:local/Origin/20221020160121.72791.45748,Western Texas,2020-08-08 16:09:26.444243,1.303001026,32.12459946,-102.14651490000001,3.3222341539999998,5.188758373,4.385447025,4.632191658,0.1530425102,9.0,6.0,0.3183979574,0.1010500066
texnet2020qhzz,smi:local/Origin/20221020160230.822321.45751,Western Texas,2020-08-20 01:38:46.009287,1.293897335,32.11249542,-102.21682740000001,6.114123343999999,2.976789236,3.719235897,5.265983582,0.1156547815,10.0,8.0,0.40996654810000005,0.1564281178
texnet2020oekp,smi:local/Origin/20221020160603.02785.45748,Western Texas,2020-07-20 15:23:59.609838,1.275176502,31.93620682,-102.3192062,7.018666744,3.475739002,3.948523045,7.416462898,0.01187303104,6.0,4.0,0.4002502154,0.09897522949
texnet2020lpjh,smi:local/Origin/20221020160142.894342.45756,Western Texas,2020-06-13 22:37:37.088929,1.267718657,32.05373383,-102.30191040000001,4.431209087,5.3693757060000005,3.9723989960000003,4.164592266,0.06743650882999999,6.0,4.0,0.1304624559,0.03985428442
texnet2020okjb,smi:local/Origin/20221020160548.019068.45757,Western Texas,2020-07-23 21:25:57.106935,1.262585985,32.153862,-102.2373047,5.0,6.773087025,14.78027534,fixed,0.1533637196,7.0,4.0,0.4859174485,0.1382080316
texnet2021abkk,smi:local/Origin/20221020160435.073017.45755,Western Texas,2021-01-01 18:23:43.270041,1.257273749,32.29063416,-101.7732697,5.6386837960000005,2.161340475,8.888710022,9.451087952,0.312556684,6.0,4.0,0.2618805936,0.06275409961
texnet2020vpsq,smi:local/Origin/20221020160406.474198.45761,Western Texas,2020-11-03 10:41:56.232749,1.254322598,32.04776764,-102.21350859999998,13.80330276,19.23233795,30.12641335,29.38197327,0.0576441288,6.0,5.0,0.12771644769999999,0.06282211902000001
texnet2020pjco,smi:local/Origin/20221020160534.935555.45754,Western Texas,2020-08-06 10:32:46.057670,1.233867166,32.0233345,-102.3081894,6.870323657999999,32.29004288,17.56715012,25.48726273,0.05224899203,6.0,4.0,0.1267619433,0.040013403460000006
texnet2020qkds,smi:local/Origin/20221020160350.052573.45751,Western Texas,2020-08-21 05:48:15.651685,1.23254875,32.10493851,-102.11078640000001,4.303375244,2.326069832,2.764587164,2.489196301,0.1592369825,11.0,9.0,0.5193074865,0.16482826960000002
texnet2020lttf,smi:local/Origin/20221020160142.517215.45745,Western Texas,2020-06-16 08:11:34.313324,1.23202736,32.11461258,-102.1312714,3.6502053739999996,2.347670317,2.141100168,2.175688505,0.153502956,8.0,7.0,0.5063116184,0.3606256262
texnet2020zjrz,smi:local/Origin/20221020160220.065379.45752,Western Texas,2020-12-27 01:42:45.805859,1.219010555,32.28094482,-101.8041763,1.602945805,1.6563830380000002,2.9856789110000004,2.464515209,0.3020943701,11.0,9.0,0.5827549328,0.287210043
texnet2020skto,smi:local/Origin/20221020160146.777894.45744,Western Texas,2020-09-19 00:53:03.898067,1.2121819759999999,31.98797035,-102.3477859,4.653315067,16.66100502,25.64110184,13.33311462,0.03908009827,6.0,4.0,0.4850829365,0.08062018606
texnet2020qmjt,smi:local/Origin/20221020160329.191529.45749,Western Texas,2020-08-22 11:07:23.997314,1.205666068,31.97369194,-102.2839661,5.055715084,8.178210258,7.16819334,8.528263092,0.03772366419,6.0,4.0,0.39200200539999996,0.009978602304999999
texnet2020ocan,smi:local/Origin/20221020160250.998896.45746,Western Texas,2020-07-19 08:02:05.365911,1.203358966,32.06670761,-102.2724228,4.596253872,8.271720886,7.087290764,5.10269022,0.06798329204,6.0,4.0,0.1608428888,0.03036347798
texnet2020nqzm,smi:local/Origin/20221020160451.54414.45762,Western Texas,2020-07-13 07:00:23.886503,1.194130089,32.08211136,-102.1702805,8.755435944,16.958835600000004,24.12157249,28.79346085,0.1072891131,6.0,4.0,0.1493941158,0.01801095446
texnet2021kbif,smi:local/Origin/20221020160345.832876.45745,Western Texas,2021-05-24 00:38:05.306727,1.189660545,31.85673714,-101.8277817,6.009302139,3.452398777,3.303266287,5.475611687,0.12317704410000001,7.0,5.0,0.6196285904,0.08250864392999999
texnet2020rqbr,smi:local/Origin/20221020160128.79719.45755,Western Texas,2020-09-07 17:07:56.551817,1.1859407020000001,32.10793304,-102.15483859999999,4.506583214,7.150400162,6.372803687999999,3.519090891,0.13551941509999998,10.0,7.0,0.539655134,0.48638959649999997
texnet2020styy,smi:local/Origin/20221020160338.788839.45761,Western Texas,2020-09-24 01:50:06.342150,1.185446533,31.96762657,-102.3624344,5.59303236,5.53138876,4.507025719,10.2579937,0.03530880064,6.0,5.0,0.4908881183,0.03459464341
texnet2020pvjd,smi:local/Origin/20221020160526.578213.45757,Western Texas,2020-08-13 03:30:47.558733,1.1841928590000002,32.0352478,-102.31128690000001,5.590165615,36.92340088,18.07309723,31.37526131,0.06052834913,6.0,4.0,0.08329549714,0.01061566173
texnet2020vmch,smi:local/Origin/20221020160240.400333.45758,Western Texas,2020-11-01 11:02:36.410347,1.182671326,32.10531998,-102.10983279999999,4.153800488,3.450797081,1.96636951,2.978353977,0.1600985825,11.0,9.0,0.5124432993,0.13958745
texnet2020wmlw,smi:local/Origin/20221020160408.238026.45757,Western Texas,2020-11-15 21:25:02.887333,1.175056315,31.85177612,-101.8150787,3.901286125,5.395596027000001,8.986124992,3.106995344,0.1264858097,6.0,4.0,0.264996075,0.08454542239
texnet2020obax,smi:local/Origin/20221020160307.15039.45749,Western Texas,2020-07-18 19:06:11.466405,1.170991885,31.93614197,-102.323616,7.283936024,3.3826525210000002,4.497262001,7.794738293,0.01560117118,6.0,4.0,0.34744638590000004,0.10357379119999999
texnet2020oeiq,smi:local/Origin/20221020160044.278487.45747,Western Texas,2020-07-20 14:24:39.785137,1.13015689,31.93606567,-102.31978609999999,7.011753082,3.46540308,3.9976961610000004,7.471285343,0.01234979928,6.0,4.0,0.4645052822,0.10063610640000001
texnet2020wuka,smi:local/Origin/20221020160528.328809.45767,Western Texas,2020-11-20 05:33:46.643189,1.1214534999999999,32.05431747,-102.19879909999999,13.24082947,15.61210442,23.472539899999997,27.28581429,0.07049056887999999,6.0,4.0,0.30807437390000003,0.05276979084
texnet2020sjoo,smi:local/Origin/20221020160044.115101.45753,Western Texas,2020-09-18 09:13:11.731951,1.096095122,31.96929169,-102.3095551,7.109753132000001,5.2903409,4.981432915,8.710398674,0.01910824142,6.0,4.0,0.37164209340000004,0.0597939154
texnet2020qbwn,smi:local/Origin/20221020160530.694066.45747,Western Texas,2020-08-16 17:05:24.663914,1.095982285,32.12010574,-102.1952896,4.259264469,3.2228252889999998,5.14161253,3.992534637,0.1287521422,9.0,6.0,0.5121608846,0.06927096014999999
texnet2020ovvg,smi:local/Origin/20221020160443.826905.45747,Western Texas,2020-07-30 04:05:22.208489,1.094027149,32.05821991,-102.2681732,5.317837238,8.684763907999999,6.760989666,12.15587425,0.0589107126,6.0,4.0,0.160085418,0.01825441993
texnet2020qwse,smi:local/Origin/20221020160411.169332.45769,Western Texas,2020-08-28 02:44:51.777304,1.078761552,32.08221817,-102.11289980000001,5.298056602,33.97546387,6.566138268,13.88608074,0.1439815611,6.0,5.0,0.3786008183,0.010787528000000001
texnet2020nzud,smi:local/Origin/20221020160545.10813.45748,Western Texas,2020-07-18 02:32:09.375502,1.077030121,32.11880875,-102.1791687,3.506982327,4.588136673,8.705975533,5.325137615,0.1333947331,9.0,6.0,0.2011723089,0.1159742144
texnet2020nrcc,smi:local/Origin/20221020160346.989946.45751,Western Texas,2020-07-13 08:20:34.725771,1.075356825,32.11043549,-102.12580870000001,4.372497082,5.050416946,2.658455133,3.784761667,0.1536645293,8.0,5.0,0.18596412329999998,0.03769843618
texnet2020rqyq,smi:local/Origin/20221020160413.507011.45745,Western Texas,2020-09-08 04:44:04.598985,1.055735914,32.06788254,-102.2664642,6.156548977000001,4.279182434,4.164577007,2.934675455,0.06807468832,10.0,7.0,0.8230458263,0.4223389037
texnet2020qbtv,smi:local/Origin/20221020160251.204106.45758,Western Texas,2020-08-16 15:43:41.470163,1.054869253,32.04735565,-102.25803379999999,6.657293797,34.66116333,7.865301132000001,29.72182083,0.04682126269,6.0,4.0,0.2937455418,0.004403022800999999
texnet2020qgqg,smi:local/Origin/20221020160203.284276.45756,Western Texas,2020-08-19 07:36:15.453678,1.051466784,32.10412216,-102.0642319,2.257879257,5.370179652999999,26.14685631,10.0206356,0.1904814839,8.0,5.0,0.2302001028,0.04984193121
texnet2021gtzv,smi:local/Origin/20221020160222.294125.45745,Western Texas,2021-04-07 07:50:55.924755,0.9972577365999999,32.39518356,-101.7117538,4.606002808,2.259641647,5.560245514,3.888728857,0.1073242426,7.0,5.0,0.4108785794,0.059093072
texnet2020luyq,smi:local/Origin/20221020160502.809309.45741,Western Texas,2020-06-17 00:03:16.499292,0.9673473443,32.09415436,-102.1294098,7.1364927289999995,3.814978361,2.256078005,4.883882523,0.1402610242,7.0,5.0,0.45314295270000005,0.258014376
texnet2020ools,smi:local/Origin/20221020160333.721361.45745,Western Texas,2020-07-26 03:18:53.098325,0.9644022376000001,31.93695259,-102.3250046,6.742608547000001,3.3077218530000003,4.7547087669999994,7.830857754,0.016855366530000002,6.0,4.0,0.4804085649,0.08235236524
texnet2020ocmd,smi:local/Origin/20221020160530.641726.45744,Western Texas,2020-07-19 13:54:42.505782,0.9448029505,31.93904495,-102.3245468,6.92273283,3.237840176,4.930822849,7.694187164,0.01542255096,6.0,4.0,0.3900954225,0.09655673045
texnet2020qrlq,smi:local/Origin/20221020160327.950494.45761,Western Texas,2020-08-25 05:46:12.981452,0.9018256464,32.11573792,-102.14250179999999,4.676421642,9.595355988,4.0948643680000005,6.308032036,0.1481308937,6.0,5.0,0.2043480698,0.0160456789
texnet2020zgdk,smi:local/Origin/20221020160227.179355.45752,Western Texas,2020-12-25 02:55:52.353850,0.8998899084,32.10224533,-102.1520767,8.146274567,1.884563446,4.1393857,4.346062183,0.030125781889999998,12.0,9.0,0.6505230452,0.1785767297
texnet2020oaln,smi:local/Origin/20221020160418.789667.45749,Western Texas,2020-07-18 11:19:53.200435,0.8965402707,31.92090988,-102.2766037,4.876087189,6.014108181,8.121216774,6.206120491,0.02814222313,6.0,4.0,0.5776734956,0.09296302517999999
texnet2020paiu,smi:local/Origin/20221020160220.605918.45749,Western Texas,2020-08-01 15:28:57.112646,0.8777515309999999,32.10728836,-102.1389923,4.362522125,5.04041338,2.316342592,3.947691441,0.1436919123,8.0,5.0,0.1965152798,0.06195702425
texnet2020pboi,smi:local/Origin/20221020160418.428958.45749,Western Texas,2020-08-02 07:24:53.721846,0.8591930465000001,31.93620682,-102.3210907,7.2818984989999995,3.4373769760000004,4.171329021,7.581784248,0.01346727554,6.0,4.0,0.6399893983,0.1103854158
texnet2020sdzr,smi:local/Origin/20221020160128.347579.45748,Western Texas,2020-09-15 08:01:39.182912,0.847429384,31.96621323,-102.13604740000001,4.163360119,5.817139149,6.816252232,3.388516188,0.1049512327,10.0,7.0,0.3809288843,0.1492673325
texnet2020qeqy,smi:local/Origin/20221020160321.553243.45762,Western Texas,2020-08-18 05:40:58.275484,0.7543232427,32.03960037,-102.260788,7.058261395,25.36233711,5.989318848,22.5189743,0.0394670479,7.0,4.0,0.323349192,0.007452420209
texnet2020pbtu,smi:local/Origin/20221020160238.171184.45746,Western Texas,2020-08-02 10:10:30.053624,0.6989091838,31.93640709,-102.3203583,7.138972759,3.443959475,4.097575188,7.49383831,0.01286853012,6.0,4.0,0.5793918370000001,0.1006117358
texnet2020rpgo,smi:local/Origin/20221020160154.829226.45746,Western Texas,2020-09-07 06:28:06.010150,0.5487911113,31.93938446,-102.1992188,4.198824406,10.38636684,23.81883621,10.47051907,0.07614399493,6.0,4.0,0.07904113426,0.03452988848
