EventID,Evaluation Status,Origin Date,Origin Time,Local Magnitude,Moment Magnitude,Latitude (WGS84),Latitude Error (km),Longitude (WGS84),Longitude Error (km),Depth of Hypocenter (Km.  Rel to MSL),Depth of Hypocenter (Km. Rel to Ground Surface),Depth Uncertainty (Km. Corresponds to 1 st dev),RMS,UsedPhaseCount,UsedStationCount,Author,EventType,LocationName,Nodal Plane 1 - Strike,Nodal Plane 1 - Dip,Nodal Plane 1 - Rake,Nodal Plane 2 - Strike,Nodal Plane 2 - Dip,Nodal Plane 2 - Rake,Focal Mechanism Method ID,Focal Mechanism - Azimuthal Gap,Focal Mechanism - Misfit,Maximum Station Distance (km),Minimum Station Distance (km),Last Updated
texnet2024tlfp,Automatic,2024-10-03,12:29:56,1.8,,31.6432,1.9,-104.4629,1.9,4.1,5.4,2.1,0.1,17,8,TXNet,earthquake,Western Texas,,,,,,,,,,107.18639795958995,3.262941488334909,2024-10-03 12:50:43
texnet2024tlcy,final,2024-10-03,11:10:31,1.7,,31.6257,0.9,-104.5158,0.9,8.5,9.8,0.9,0.2,32,18,TXNet,earthquake,Western Texas,,,,,,,,,,82.48208644607367,4.985688998960499,2024-10-03 12:20:00
texnet2024tlcb,final,2024-10-03,10:42:37,2.0,,31.5278,0.4,-104.0101,0.3,8.2,9.2,0.6,0.2,57,30,TXNet,earthquake,Western Texas,,,,,,,,,,42.48540211492802,4.244723128790037,2024-10-03 12:07:20
texnet2024tlax,final,2024-10-03,10:06:59,1.8,,31.4948,0.2,-103.9874,0.4,0.1,1.1,1.2,0.2,40,22,TXNet,earthquake,Western Texas,,,,,,,,,,42.11082001200679,5.309240687072327,2024-10-03 12:23:56
texnet2024tkyr,final,2024-10-03,09:00:09,2.1,,32.4142,0.3,-102.0635,0.2,7.9,8.8,0.5,0.1,58,34,TXNet,earthquake,Western Texas,,,,,,,,,,41.763326153919294,4.5122312761934635,2024-10-03 12:03:07
texnet2024tkvv,final,2024-10-03,07:31:46,1.6,,31.4980,0.3,-103.9922,0.3,3.4,4.4,1.1,0.1,33,24,TXNet,earthquake,Western Texas,,,,,,,,,,30.301176189604114,7.163961131715441,2024-10-03 09:50:57
texnet2024tkpx,final,2024-10-03,04:27:26,1.6,,31.6746,0.6,-104.4237,0.4,6.7,7.9,0.8,0.2,37,23,TXNet,earthquake,Western Texas,,,,,,,,,,62.74427320583414,2.193609220698536,2024-10-03 10:04:15
texnet2024tkpu,final,2024-10-03,04:23:02,1.0,,31.7679,0.4,-101.9242,0.4,8.6,9.4,1.9,0.2,26,14,TXNet,earthquake,Western Texas,,,,,,,,,,46.29316343504751,7.558412226651813,2024-10-03 13:11:00
texnet2024tkmw,final,2024-10-03,02:43:17,3.2,,32.4133,0.3,-102.0603,0.3,7.3,8.2,0.7,0.1,55,37,TXNet,earthquake,Western Texas,,,,,,,,,,51.99281299773062,4.796749924756743,2024-10-03 03:03:40
texnet2024tkls,final,2024-10-03,02:18:33,1.4,,31.6728,0.6,-104.4829,0.6,6.1,7.4,0.6,0.2,30,18,TXNet,earthquake,Western Texas,,,,,,,,,,71.44558447215522,1.7561678013245186,2024-10-03 10:16:10
texnet2024tkkn,final,2024-10-03,01:44:28,1.6,,31.6788,0.6,-104.4830,0.6,5.9,7.3,0.6,0.2,42,24,TXNet,earthquake,Western Texas,,,,,,,,,,85.19803104218022,2.0319920376545526,2024-10-03 10:26:02
texnet2024tkeo,final,2024-10-02,22:48:21,1.8,,31.9900,0.3,-103.8664,0.2,6.7,7.6,0.6,0.1,31,18,TXNet,earthquake,Western Texas,,,,,,,,,,26.145041409795297,6.179060315511797,2024-10-03 10:43:51
texnet2024tkeg,final,2024-10-02,22:40:28,1.7,,31.6212,0.3,-104.0913,0.2,6.1,7.1,0.3,0.2,65,35,TXNet,earthquake,Western Texas,,,,,,,,,,46.86005117331696,2.8954951404290075,2024-10-03 11:56:12
texnet2024tkcd,final,2024-10-02,21:37:06,1.7,,31.6075,0.2,-103.9732,0.2,7.6,8.6,0.3,0.1,51,29,TXNet,earthquake,Western Texas,,,,,,,,,,43.821730647085744,0.5458056996905243,2024-10-03 12:12:31
texnet2024tjyd,final,2024-10-02,19:24:03,1.2,,32.1890,0.3,-101.3926,0.3,6.1,6.9,1.1,0.1,30,19,TXNet,earthquake,Western Texas,,,,,,,,,,88.61090877379884,6.456387632306109,2024-10-03 14:57:54
texnet2024tjtn,final,2024-10-02,17:06:43,1.8,,31.7677,0.2,-103.8045,0.2,7.0,7.9,0.6,0.1,20,12,TXNet,earthquake,Western Texas,,,,,,,,,,17.818763799799154,3.106199040732428,2024-10-03 12:32:42
texnet2024tjsa,final,2024-10-02,16:21:41,1.7,,31.6870,0.4,-104.3522,0.3,7.4,8.6,0.8,0.2,50,31,TXNet,earthquake,Western Texas,,,,,,,,,,57.20815333471077,8.302982086541318,2024-10-03 12:18:27
texnet2024tjrk,final,2024-10-02,16:04:57,1.7,,31.7188,0.4,-104.2946,0.3,6.1,7.3,0.6,0.1,19,13,TXNet,earthquake,Western Texas,,,,,,,,,,21.879526122104615,5.602348117377369,2024-10-03 12:46:06
texnet2024tjqn,final,2024-10-02,15:42:48,1.5,,31.6705,0.6,-104.4834,0.6,6.0,7.4,0.5,0.2,27,18,TXNet,earthquake,Western Texas,,,,,,,,,,41.20290699382864,1.6575175947015528,2024-10-03 13:12:45
texnet2024tjpu,final,2024-10-02,15:23:30,1.8,,31.6820,0.5,-104.4781,0.7,5.8,7.1,0.7,0.2,51,32,TXNet,earthquake,Western Texas,,,,,,,,,,71.87150799494782,2.6127237202763967,2024-10-03 12:52:49
texnet2024tjhn,final,2024-10-02,11:11:10,1.0,,31.9986,0.5,-102.3765,0.4,9.3,10.2,1.1,0.1,30,18,TXNet,earthquake,Western Texas,,,,,,,,,,41.951110650787875,6.978879669986819,2024-10-02 15:26:07
texnet2024tjdn,final,2024-10-02,09:01:14,1.5,,31.6325,0.3,-104.1333,0.3,6.7,7.7,0.6,0.2,63,35,TXNet,earthquake,Western Texas,,,,,,,,,,66.90038662926293,6.090908918883481,2024-10-02 15:07:43
texnet2024tjbp,final,2024-10-02,08:04:39,2.2,,31.1761,0.3,-103.7333,0.4,1.1,2.0,1.2,0.2,30,21,TXNet,earthquake,Western Texas,,,,,,,,,,36.48957378494729,1.8274568125879755,2024-10-02 12:19:16
texnet2024tjbl,final,2024-10-02,07:59:20,2.1,,31.1711,0.5,-103.7120,0.5,10.0,10.9,2.1,0.2,17,11,TXNet,earthquake,Western Texas,,,,,,,,,,29.33208478063926,13.15763745258415,2024-10-02 14:24:30
texnet2024tjbb,final,2024-10-02,07:49:07,1.7,,31.6322,0.7,-104.5094,0.6,8.2,9.6,0.6,0.1,23,14,TXNet,earthquake,Western Texas,,,,,,,,,,40.54260339395457,4.138182730020286,2024-10-02 12:36:18
texnet2024tizx,final,2024-10-02,07:10:32,1.3,,31.6579,0.6,-104.4505,0.4,6.1,7.4,0.6,0.2,43,23,TXNet,earthquake,Western Texas,,,,,,,,,,47.58862497881543,1.7561010341089807,2024-10-02 13:40:46
texnet2024tivx,final,2024-10-02,05:19:42,2.2,,31.6677,0.8,-104.4188,0.6,7.8,9.0,1.1,0.2,21,19,TXNet,earthquake,Western Texas,,,,,,,,,,34.11801381819834,1.7940889670454934,2024-10-02 08:30:48
texnet2024tisf,final,2024-10-02,03:26:25,2.1,,31.6723,0.4,-104.2649,0.3,2.7,3.8,0.7,0.1,18,14,TXNet,earthquake,Western Texas,,,,,,,,,,20.9574317721233,0.08173373344934923,2024-10-02 08:13:26
texnet2024tinf,final,2024-10-02,00:56:52,1.7,,31.6468,0.5,-104.5241,0.5,7.0,8.3,0.5,0.2,40,23,TXNet,earthquake,Western Texas,,,,,,,,,,105.33782102651267,3.2851061274199034,2024-10-02 13:23:53
texnet2024tibg,final,2024-10-01,18:53:57,1.8,,31.6708,1.1,-104.4110,0.5,7.6,8.8,1.5,0.2,16,11,TXNet,earthquake,Western Texas,,,,,,,,,,17.586906868529116,2.567589619857308,2024-10-02 08:59:41
texnet2024thzr,final,2024-10-01,18:05:33,1.7,,31.6770,0.5,-104.3990,0.3,6.1,7.3,0.6,0.2,28,21,TXNet,earthquake,Western Texas,,,,,,,,,,36.71051661102367,3.899028908276035,2024-10-01 19:46:48
texnet2024thxr,final,2024-10-01,17:05:50,2.1,,31.6779,0.5,-104.4054,0.4,6.5,7.7,0.8,0.2,48,28,TXNet,earthquake,Western Texas,,,,,,,,,,61.496699665821744,3.49292164136811,2024-10-01 19:32:47
texnet2024thti,final,2024-10-01,14:45:32,1.7,,31.7189,0.3,-104.3009,0.3,6.1,7.2,0.7,0.2,28,19,TXNet,earthquake,Western Texas,,,,,,,,,,24.83555603111562,6.017631480541318,2024-10-01 19:40:25
texnet2024thqr,final,2024-10-01,13:24:08,2.9,,31.7225,0.4,-104.2903,0.3,6.3,7.5,0.6,0.2,54,30,TXNet,earthquake,Western Texas,,,,,,,,,,40.57035308333228,5.02483224939352,2024-10-01 13:33:54
texnet2024thpr,final,2024-10-01,12:42:30,1.9,,31.6764,0.5,-104.4275,0.4,6.7,8.0,0.7,0.1,33,23,TXNet,earthquake,Western Texas,,,,,,,,,,39.33578615501461,2.2894454231138925,2024-10-01 15:34:58
texnet2024thoy,final,2024-10-01,12:28:08,1.6,,31.6050,0.2,-103.9622,0.2,8.9,9.9,0.4,0.1,32,23,TXNet,earthquake,Western Texas,,,,,,,,,,15.969567782797121,0.8912381267678845,2024-10-01 13:33:09
texnet2024thnx,final,2024-10-01,12:04:16,2.1,,31.6801,0.4,-104.4211,0.4,6.4,7.6,0.6,0.2,59,31,TXNet,earthquake,Western Texas,,,,,,,,,,68.09521646416009,2.858316187276839,2024-10-01 12:39:15
texnet2024thna,final,2024-10-01,11:37:26,2.1,,31.6833,0.4,-104.4243,0.3,6.4,7.6,0.6,0.2,42,24,TXNet,earthquake,Western Texas,,,,,,,,,,41.74616443175864,3.1055368489490918,2024-10-01 12:53:17
texnet2024thla,final,2024-10-01,10:42:02,1.8,,31.6831,0.4,-104.4224,0.3,6.6,7.9,0.6,0.2,64,37,TXNet,earthquake,Western Texas,,,,,,,,,,69.7008600899288,3.1292116702155774,2024-10-01 11:53:20
texnet2024thku,final,2024-10-01,10:34:36,1.6,,31.5583,0.4,-104.0191,0.3,8.7,9.7,0.5,0.2,44,23,TXNet,earthquake,Western Texas,,,,,,,,,,38.84794980084378,4.216131775868147,2024-10-01 13:31:10
texnet2024thed,final,2024-10-01,06:59:39,1.6,,31.7340,0.4,-104.2427,0.4,7.0,8.1,0.7,0.2,45,26,TXNet,earthquake,Western Texas,,,,,,,,,,32.115968132663,2.6800151511698953,2024-10-01 12:11:54
texnet2024thcw,final,2024-10-01,06:24:32,1.6,,32.3392,0.3,-101.7870,0.3,6.1,6.9,0.6,0.2,48,25,TXNet,earthquake,Western Texas,,,,,,,,,,128.89318398080243,3.101216729868896,2024-10-01 12:02:52
texnet2024thbr,final,2024-10-01,05:50:17,1.7,,32.7704,0.5,-100.6605,0.5,6.9,7.5,1.7,0.1,19,11,TXNet,earthquake,Western Texas,,,,,,,,,,41.66409378030899,8.026932311549297,2024-10-01 14:33:15
texnet2024thbm,final,2024-10-01,05:46:53,2.0,,32.7713,0.4,-100.6616,0.3,6.5,7.2,1.1,0.2,27,16,TXNet,earthquake,Western Texas,,,,,,,,,,79.53169342440823,8.073941472236488,2024-10-01 11:41:22
texnet2024tgvu,final,2024-10-01,02:54:09,1.5,,31.6766,0.5,-104.4593,0.3,2.6,3.9,0.9,0.1,26,17,TXNet,earthquake,Western Texas,,,,,,,,,,42.31380606608237,3.4395968722032104,2024-10-01 15:10:03
texnet2024tguc,final,2024-10-01,01:53:26,2.0,,32.0272,0.3,-103.7744,0.3,8.7,9.7,0.6,0.1,31,19,TXNet,earthquake,New Mexico,,,,,,,,,,26.519498406186205,4.118798265921447,2024-10-01 15:51:37
texnet2024tgsu,final,2024-10-01,01:19:55,2.2,,32.7402,0.5,-100.6637,0.5,7.1,7.7,1.0,0.1,26,19,TXNet,earthquake,Western Texas,,,,,,,,,,74.02756826860163,10.180470378907199,2024-10-01 16:22:25
texnet2024tgsg,final,2024-10-01,01:05:32,1.7,,31.6705,0.5,-104.4134,0.4,6.3,7.5,1.1,0.1,21,19,TXNet,earthquake,Western Texas,,,,,,,,,,22.221176937587842,2.375721670439342,2024-10-01 14:45:53
texnet2024tgrx,final,2024-10-01,00:54:14,3.4,,31.6073,0.3,-103.9619,0.3,8.7,9.7,0.5,0.1,24,16,TXNet,earthquake,Western Texas,,,,,,,,,,12.50141052750378,0.7541412861954108,2024-10-01 01:17:52
texnet2024tgnk,final,2024-09-30,22:33:00,1.5,,31.1785,0.5,-103.4304,0.6,4.3,5.1,1.3,0.1,14,10,TXNet,earthquake,Western Texas,,,,,,,,,,15.360398268040763,6.063537411086595,2024-10-01 21:10:50
texnet2024tglo,final,2024-09-30,21:22:07,1.7,,31.6322,1.1,-104.4736,0.7,7.9,9.2,1.4,0.1,17,17,TXNet,earthquake,Western Texas,,,,,,,,,,27.97196877228,4.762487180605742,2024-10-01 17:10:08
texnet2024tgam,final,2024-09-30,16:13:43,1.6,,31.7075,0.3,-101.7184,0.4,8.7,9.5,0.8,0.1,25,21,TXNet,earthquake,Western Texas,,,,,,,,,,56.641164942799485,10.612630733781442,2024-10-01 13:51:46
texnet2024tgag,final,2024-09-30,16:06:04,1.6,,31.6221,0.7,-104.5045,0.8,7.5,8.9,0.8,0.1,29,23,TXNet,earthquake,Western Texas,,,,,,,,,,46.23682647741451,5.189819683330912,2024-10-01 16:56:24
texnet2024tfux,final,2024-09-30,13:25:52,1.9,,31.6586,0.5,-104.4085,0.4,6.1,7.3,0.7,0.2,32,16,TXNet,earthquake,Western Texas,,,,,,,,,,111.5212533501417,2.247037351731323,2024-09-30 19:32:13
texnet2024tfpu,final,2024-09-30,10:49:56,1.3,,32.0920,0.2,-101.6434,0.3,5.6,6.4,1.3,0.1,33,20,TXNet,earthquake,Western Texas,,,,,,,,,,46.050870882845395,2.0365266252329897,2024-09-30 12:09:34
texnet2024tfoo,final,2024-09-30,10:10:23,1.7,,31.6308,0.3,-104.1214,0.3,6.1,7.1,0.6,0.2,48,27,TXNet,earthquake,Western Texas,,,,,,,,,,34.91629896191148,5.661434179681903,2024-09-30 12:46:55
texnet2024tflx,final,2024-09-30,08:51:46,1.4,,31.6663,0.7,-104.4546,0.4,5.3,6.6,0.7,0.2,24,16,TXNet,earthquake,Western Texas,,,,,,,,,,69.06810199231974,2.4159729356651827,2024-10-01 20:39:45
texnet2024tflt,final,2024-09-30,08:47:01,1.2,,32.4051,0.3,-102.0635,0.3,8.2,9.1,0.7,0.1,46,24,TXNet,earthquake,Western Texas,,,,,,,,,,118.13154473317331,4.467883410082427,2024-10-01 20:28:43
texnet2024teze,final,2024-09-30,02:15:59,1.4,,32.8922,0.4,-100.9745,0.4,4.9,5.6,1.0,0.1,18,9,TXNet,earthquake,Western Texas,,,,,,,,,,52.787606622278545,4.740959823628147,2024-10-01 20:09:16
texnet2024tevq,final,2024-09-30,00:35:56,1.1,,32.4014,0.4,-102.0635,0.3,8.3,9.1,0.8,0.1,32,19,TXNet,earthquake,Western Texas,,,,,,,,,,46.95275643563732,4.514758850172858,2024-10-01 19:39:36
texnet2024tetz,final,2024-09-29,23:48:42,1.5,,28.8437,0.7,-98.0973,0.6,9.1,9.2,2.1,0.2,13,10,TXNet,earthquake,Southern Texas,,,,,,,,,,29.37080556078072,10.172315661650064,2024-10-01 18:45:25
texnet2024tels,final,2024-09-29,19:36:01,1.6,,31.5319,0.5,-104.0107,0.3,7.1,8.1,0.6,0.1,43,24,TXNet,earthquake,Western Texas,,,,,,,,,,35.823853949001595,4.130520265301171,2024-09-30 13:16:03
texnet2024telk,final,2024-09-29,19:27:35,2.0,,31.5179,0.3,-104.0135,0.4,7.9,8.8,0.5,0.1,39,31,TXNet,earthquake,Western Texas,,,,,,,,,,34.319926669171466,4.284553028906965,2024-09-30 20:32:56
texnet2024tejj,final,2024-09-29,18:27:33,1.5,,31.1788,0.5,-103.4489,0.4,1.0,1.9,1.2,0.2,21,16,TXNet,earthquake,Western Texas,,,,,,,,,,22.374702722070477,4.33975768061189,2024-10-02 16:50:15
texnet2024tehl,final,2024-09-29,17:24:49,2.0,,28.7357,1.2,-98.9928,0.8,4.6,4.7,2.4,0.2,23,19,TXNet,earthquake,Southern Texas,,,,,,,,,,85.11192372596386,20.18202373530315,2024-09-30 15:03:15
texnet2024tdyk,final,2024-09-29,12:54:29,2.1,,31.7159,0.4,-104.2873,0.3,6.7,7.8,0.5,0.2,43,28,TXNet,earthquake,Western Texas,,,,,,,,,,31.057239918382024,5.365216912791129,2024-09-30 12:31:57
texnet2024tdwm,final,2024-09-29,11:57:11,1.9,,32.4106,0.3,-102.0614,0.2,8.4,9.3,0.6,0.1,71,37,TXNet,earthquake,Western Texas,,,,,,,,,,117.87522421013534,4.667597110106533,2024-10-01 18:04:31
texnet2024tdga,final,2024-09-29,03:37:36,1.6,,29.1641,0.6,-97.8884,0.5,5.8,5.9,1.9,0.1,22,20,TXNet,earthquake,Central Texas,,,,,,,,,,44.429447629525555,10.182430231372512,2024-09-30 15:58:30
texnet2024tdbj,final,2024-09-29,01:10:53,1.6,,29.1000,0.5,-97.8595,0.4,4.7,4.8,1.3,0.4,21,15,TXNet,earthquake,Central Texas,,,,,,,,,,37.268791507947235,7.323172361129466,2024-09-30 20:28:25
texnet2024tcvt,final,2024-09-28,22:18:45,1.1,,32.4380,0.5,-102.1150,0.3,8.9,9.7,0.8,0.1,38,24,TXNet,earthquake,Western Texas,,,,,,,,,,107.94100668019377,3.3731232941913674,2024-09-30 20:13:44
texnet2024tcus,final,2024-09-28,21:54:47,1.4,,31.2346,0.7,-103.4807,0.4,5.2,6.0,1.5,0.3,34,21,TXNet,earthquake,Western Texas,,,,,,,,,,39.734044573885015,8.73595415391593,2024-09-30 20:02:20
texnet2024tctj,final,2024-09-28,21:14:01,1.9,,31.6190,0.2,-104.1043,0.2,5.9,6.9,0.4,0.1,40,24,TXNet,earthquake,Western Texas,,,,,,,,,,32.93109927607151,4.153811644729431,2024-09-30 13:53:37
texnet2024tcri,final,2024-09-28,20:11:39,1.7,,31.6716,0.6,-104.3871,0.4,7.6,8.8,0.9,0.2,25,14,TXNet,earthquake,Western Texas,,,,,,,,,,65.31349642344077,4.59232976084964,2024-09-30 14:00:33
texnet2024tcph,final,2024-09-28,19:01:15,1.3,,32.3904,0.3,-101.9049,0.3,8.3,9.1,0.9,0.1,28,17,TXNet,earthquake,Western Texas,,,,,,,,,,19.447730814048274,4.692802340007665,2024-09-30 19:45:46
texnet2024tcls,final,2024-09-28,17:12:10,1.7,,31.6834,0.4,-104.3463,0.3,7.9,9.1,0.9,0.2,41,23,TXNet,earthquake,Western Texas,,,,,,,,,,64.02888089363559,7.817711811068794,2024-09-30 12:56:23
texnet2024tclh,final,2024-09-28,16:58:44,1.1,,31.8301,0.4,-101.9563,0.4,6.8,7.6,1.1,0.2,39,25,TXNet,earthquake,Western Texas,,,,,,,,,,93.71868499440744,6.055768112640541,2024-10-01 17:08:28
texnet2024tckq,final,2024-09-28,16:37:37,1.3,,31.6153,0.8,-104.5240,0.8,7.9,9.3,1.0,0.2,27,16,TXNet,earthquake,Western Texas,,,,,,,,,,102.16770836010211,6.332064698199255,2024-09-30 19:19:20
texnet2024tcjy,final,2024-09-28,16:16:15,1.7,,32.4362,0.3,-102.1128,0.2,9.1,9.9,0.8,0.1,39,22,TXNet,earthquake,Western Texas,,,,,,,,,,34.6613680099621,3.1535238763356417,2024-09-30 12:19:57
texnet2024tcfi,final,2024-09-28,14:01:03,1.6,,29.1019,0.5,-97.8554,0.5,6.5,6.6,1.2,0.1,16,12,TXNet,earthquake,Central Texas,,,,,,,,,,45.4875327483286,7.180699162862377,2024-09-30 18:07:33
texnet2024tccy,final,2024-09-28,12:46:03,1.1,,32.1304,0.3,-102.2157,0.4,5.5,6.4,1.2,0.1,40,24,TXNet,earthquake,Western Texas,,,,,,,,,,64.50042651357722,4.59831582194221,2024-09-30 17:46:36
texnet2024tccl,final,2024-09-28,12:32:08,1.1,,32.0059,0.5,-101.3583,0.4,8.6,9.4,3.4,0.1,23,15,TXNet,earthquake,Western Texas,,,,,,,,,,39.721354858491296,24.125503197887138,2024-09-30 17:21:31
texnet2024tcba,final,2024-09-28,11:49:08,1.7,,31.6244,0.6,-104.5088,0.5,7.7,9.1,0.7,0.2,38,25,TXNet,earthquake,Western Texas,,,,,,,,,,46.873290954312665,4.984001551606205,2024-09-30 15:05:27
texnet2024tbxm,final,2024-09-28,09:44:51,1.0,,32.4088,0.5,-102.0485,0.3,8.1,9.0,0.9,0.1,22,12,TXNet,earthquake,Western Texas,,,,,,,,,,29.105826152608834,5.866304630537677,2024-09-30 16:15:28
texnet2024tbuq,final,2024-09-28,08:40:11,2.2,,31.6239,0.5,-104.5077,0.5,7.7,9.1,0.7,0.2,49,30,TXNet,earthquake,Western Texas,,,,,,,,,,56.67269784752505,5.01926046409541,2024-09-30 14:18:42
texnet2024tbup,final,2024-09-28,08:38:08,1.7,,31.7340,0.4,-104.2481,0.3,6.9,8.0,0.7,0.1,22,19,TXNet,earthquake,Western Texas,,,,,,,,,,21.20103957779561,2.512627161330563,2024-09-30 13:06:34
texnet2024tbrd,final,2024-09-28,06:56:52,2.1,,31.6270,0.6,-104.5201,0.6,7.8,9.2,0.6,0.2,40,21,TXNet,earthquake,Western Texas,,,,,,,,,,103.57950945229629,4.977932366138869,2024-09-30 14:24:26
texnet2024tbrb,final,2024-09-28,06:55:20,2.4,,31.6214,0.8,-104.5297,0.8,7.6,9.0,1.1,0.1,15,10,TXNet,earthquake,Western Texas,,,,,,,,,,15.513742772376453,5.924656576465965,2024-09-28 12:16:31
texnet2024tbet,final,2024-09-28,00:35:20,1.4,,32.4298,0.3,-102.0796,0.2,9.2,10.1,0.8,0.1,41,24,TXNet,earthquake,Western Texas,,,,,,,,,,39.62389274678453,3.823779006282552,2024-09-28 13:05:34
texnet2024tbdc,final,2024-09-27,23:42:10,1.3,,32.4097,0.3,-102.0474,0.2,7.6,8.5,0.7,0.1,48,27,TXNet,earthquake,Western Texas,,,,,,,,,,57.11239346164994,5.969366723936512,2024-09-30 15:14:43
texnet2024tayz,final,2024-09-27,21:36:59,1.3,,32.1085,0.3,-102.1686,0.3,6.7,7.5,0.8,0.2,59,33,TXNet,earthquake,Western Texas,,,,,,,,,,164.78504114022073,2.367034913513399,2024-09-30 14:54:55
texnet2024tawn,final,2024-09-27,20:20:36,2.3,,31.6610,1.0,-104.4586,0.6,5.8,7.1,0.9,0.3,27,20,TXNet,earthquake,Western Texas,,,,,,,,,,50.461280032341044,2.5708368042074823,2024-09-28 12:48:04
texnet2024taqv,final,2024-09-27,17:24:53,3.3,,32.4088,0.4,-102.0442,0.4,7.7,8.6,1.2,0.2,40,23,TXNet,earthquake,Western Texas,,,,,,,,,,33.103364856862434,6.268736130487563,2024-09-28 11:37:13
texnet2024taqe,final,2024-09-27,17:10:12,1.2,,32.4124,0.4,-102.0571,0.3,7.2,8.1,0.9,0.1,37,21,TXNet,earthquake,Western Texas,,,,,,,,,,56.5400272099418,5.08531262218354,2024-09-30 14:40:03
texnet2024taox,final,2024-09-27,16:36:13,1.9,,30.8118,0.5,-103.4597,0.5,6.1,7.2,2.8,0.1,20,12,TXNet,earthquake,Western Texas,,,,,,,,,,51.607670748732225,30.719524048984965,2024-09-30 14:27:08
texnet2024taou,final,2024-09-27,16:34:10,1.8,,32.8262,0.3,-100.9360,0.4,3.8,4.5,1.5,0.2,38,23,TXNet,earthquake,Western Texas,,,,,,,,,,86.17739651400034,4.849050425555778,2024-09-30 14:13:04
texnet2024taow,final,2024-09-27,16:24:48,1.0,,31.7816,0.3,-101.9939,0.3,7.0,7.8,1.7,0.1,34,19,TXNet,earthquake,Western Texas,,,,,,,,,,83.2555537098489,11.017718107082656,2024-09-30 14:00:51
texnet2024tant,final,2024-09-27,15:58:05,1.9,,31.6568,0.6,-104.3982,0.4,6.1,7.3,0.8,0.2,27,14,TXNet,earthquake,Western Texas,,,,,,,,,,111.83375036394793,3.202404153201881,2024-09-28 13:20:59
texnet2024taek,final,2024-09-27,11:24:24,1.6,,31.6487,0.6,-104.4493,0.5,7.5,8.8,0.8,0.2,47,30,TXNet,earthquake,Western Texas,,,,,,,,,,63.350056487316316,1.8381337320829705,2024-09-27 12:55:01
texnet2024szwf,final,2024-09-27,07:15:01,2.0,,28.5855,0.5,-98.4137,0.7,4.3,4.4,1.9,0.4,32,21,TXNet,earthquake,Southern Texas,,,,,,,,,,118.44832831559238,14.096524789801878,2024-09-27 13:17:39
texnet2024szvi,final,2024-09-27,06:49:26,2.0,,31.7177,0.5,-104.2852,0.3,6.9,8.1,0.6,0.2,46,26,TXNet,earthquake,Western Texas,,,,,,,,,,33.933950411650706,5.1420373121505385,2024-09-27 12:00:31
texnet2024szut,final,2024-09-27,06:30:49,1.4,,31.5692,0.3,-104.0266,0.3,8.9,9.9,0.6,0.2,57,34,TXNet,earthquake,Western Texas,,,,,,,,,,50.3804896709682,4.623807063557199,2024-09-27 13:35:24
texnet2024sztv,final,2024-09-27,06:01:41,1.8,,31.5666,0.5,-104.0245,0.6,8.1,9.1,0.8,0.1,25,14,TXNet,earthquake,Western Texas,,,,,,,,,,126.1320246425149,4.501820673926383,2024-09-27 09:01:04
texnet2024sztd,final,2024-09-27,05:42:37,1.8,,31.5663,0.5,-104.0264,0.5,8.4,9.4,0.7,0.1,22,16,TXNet,earthquake,Western Texas,,,,,,,,,,18.47988992340474,4.371974780820579,2024-09-27 08:22:13
texnet2024szov,final,2024-09-27,03:32:13,1.6,,32.0525,0.2,-103.7587,0.2,7.6,8.6,0.5,0.1,34,22,TXNet,earthquake,New Mexico,,,,,,,,,,57.32110688343297,2.9272155792575907,2024-09-27 12:50:59
texnet2024szis,final,2024-09-27,00:09:46,1.5,,32.3859,0.3,-101.0849,0.5,6.9,7.6,2.2,0.1,31,18,TXNet,earthquake,Western Texas,,,,,,,,,,84.19183511925239,15.001645964493624,2024-09-27 13:08:29
texnet2024szfx,final,2024-09-26,22:53:45,1.1,,32.4069,0.4,-102.0442,0.3,7.1,7.9,1.2,0.2,27,15,TXNet,earthquake,Western Texas,,,,,,,,,,29.924010160042297,6.269027534215825,2024-09-27 15:43:30
texnet2024szet,final,2024-09-26,22:17:37,1.6,,31.6031,0.6,-104.4966,0.5,8.2,9.6,0.9,0.2,51,37,TXNet,earthquake,Western Texas,,,,,,,,,,109.7383561711475,7.295285255389307,2024-09-27 14:29:19
texnet2024szec,final,2024-09-26,21:58:14,1.0,,32.1085,0.3,-102.1707,0.3,5.8,6.7,0.7,0.1,51,27,TXNet,earthquake,Western Texas,,,,,,,,,,46.54273335059047,2.3889103626330033,2024-09-27 14:53:35
texnet2024szdl,final,2024-09-26,21:44:37,1.6,,32.1158,0.4,-102.1750,0.3,6.4,7.3,0.7,0.1,27,14,TXNet,earthquake,Western Texas,,,,,,,,,,165.7999690469864,1.7250198029085018,2024-09-27 12:43:36
texnet2024szbh,final,2024-09-26,20:33:56,2.0,,31.6096,0.3,-104.1925,0.2,6.1,7.2,0.5,0.1,59,36,TXNet,earthquake,Western Texas,,,,,,,,,,40.782664347744316,7.224843374155657,2024-09-27 12:37:49
texnet2024syza,final,2024-09-26,19:12:51,1.7,,31.6135,0.2,-103.9862,0.2,7.4,8.4,0.3,0.1,41,25,TXNet,earthquake,Western Texas,,,,,,,,,,23.810187352115967,1.6714519501096714,2024-09-26 19:38:02
texnet2024syro,final,2024-09-26,15:31:53,1.9,,31.6629,0.7,-104.3821,0.5,7.7,8.9,1.0,0.2,16,12,TXNet,earthquake,Western Texas,,,,,,,,,,16.048890268814816,4.785070976296592,2024-09-27 08:48:59
texnet2024sypg,final,2024-09-26,14:18:04,1.8,,32.0078,0.2,-101.7420,0.3,7.6,8.4,0.9,0.1,28,21,TXNet,earthquake,Western Texas,,,,,,,,,,35.70762572525623,6.392928015241585,2024-09-26 20:03:50
texnet2024syox,final,2024-09-26,14:06:57,2.2,,31.6687,0.5,-104.3782,0.3,6.6,7.8,0.7,0.1,37,27,TXNet,earthquake,Western Texas,,,,,,,,,,37.27888790308719,5.289675136613528,2024-09-26 19:54:01
texnet2024symz,final,2024-09-26,13:19:12,1.4,,31.5647,0.3,-104.0856,0.3,6.1,7.1,0.5,0.2,44,25,TXNet,earthquake,Western Texas,,,,,,,,,,38.05764187076817,2.51149883536518,2024-09-27 16:59:25
texnet2024syex,final,2024-09-26,09:22:12,1.9,,31.6575,0.6,-104.4392,0.5,6.1,7.3,0.7,0.3,38,22,TXNet,earthquake,Western Texas,,,,,,,,,,89.44611640318654,0.6898055402784485,2024-09-26 09:52:12
texnet2024sydy,final,2024-09-26,08:54:14,1.5,,28.8753,1.4,-98.0944,1.3,9.9,10.0,3.4,0.4,29,17,TXNet,earthquake,Southern Texas,,,,,,,,,,67.31568626761437,13.664711634591221,2024-09-26 09:41:36
texnet2024sycz,final,2024-09-26,08:22:16,1.5,,28.8785,0.6,-98.1407,0.7,9.9,10.1,2.0,0.2,14,12,TXNet,earthquake,Southern Texas,,,,,,,,,,31.422587871741918,16.725282015891672,2024-09-27 17:53:27
texnet2024sycx,final,2024-09-26,08:17:36,1.4,,31.5588,0.3,-104.0929,0.3,6.1,7.2,0.4,0.2,54,30,TXNet,earthquake,Western Texas,,,,,,,,,,123.17950290424614,3.45567359384488,2024-09-26 10:12:17
texnet2024sycn,final,2024-09-26,07:58:17,2.1,,31.5675,0.3,-104.1002,0.3,6.0,7.0,0.3,0.1,46,28,TXNet,earthquake,Western Texas,,,,,,,,,,35.81403069109314,2.699834073688111,2024-09-26 10:30:15
texnet2024sycb,final,2024-09-26,07:56:50,3.8,,31.5596,0.4,-104.1017,0.3,6.7,7.8,0.5,0.1,54,42,TXNet,earthquake,Western Texas,,,,,,,,,,49.40026406340946,3.086408634746741,2024-09-26 08:14:43
texnet2024sybz,final,2024-09-26,07:55:00,1.9,,28.8876,0.6,-98.1077,0.5,6.7,6.8,2.7,0.4,26,24,TXNet,earthquake,Southern Texas,,,,,,,,,,47.32005851705046,13.797004711801968,2024-09-26 21:16:24
texnet2024sybw,final,2024-09-26,07:50:56,2.4,,28.9215,0.6,-98.2121,0.6,0.0,0.1,2.2,0.3,38,28,TXNet,earthquake,Southern Texas,,,,,,,,,,85.25639591015671,20.114825925270846,2024-09-26 11:21:57
texnet2024sxwe,final,2024-09-26,04:55:30,1.9,,31.6651,0.3,-104.3411,0.3,6.3,7.4,0.6,0.2,49,28,TXNet,earthquake,Western Texas,,,,,,,,,,55.67983282372078,7.257900272232401,2024-09-26 12:39:49
texnet2024sxvp,final,2024-09-26,04:36:26,2.0,,31.6570,0.6,-104.4467,0.5,6.3,7.5,0.7,0.2,43,29,TXNet,earthquake,Western Texas,,,,,,,,,,88.73685526021238,1.391172673312159,2024-09-26 10:42:46
texnet2024sxse,final,2024-09-26,02:51:12,1.7,,32.1085,0.4,-101.0603,0.5,5.2,5.9,2.3,0.1,32,19,TXNet,earthquake,Western Texas,,,,,,,,,,109.25128324175122,22.460577831862413,2024-09-26 13:47:20
texnet2024sxrb,final,2024-09-26,02:22:07,3.7,,31.5578,0.4,-104.0930,0.3,6.3,7.3,0.5,0.1,46,36,TXNet,earthquake,Western Texas,,,,,,,,,,120.78982737802934,3.553859025998873,2024-09-26 02:34:14
texnet2024sxlo,final,2024-09-25,23:37:20,1.3,,32.2769,0.2,-101.9263,0.2,8.3,9.2,0.4,0.1,61,35,TXNet,earthquake,Western Texas,,,,,,,,,,52.6525231103767,4.752009655672541,2024-09-26 12:12:03
texnet2024sxjp,final,2024-09-25,22:37:47,1.6,,31.6734,0.4,-104.3257,0.3,2.5,3.7,1.0,0.2,27,16,TXNet,earthquake,Western Texas,,,,,,,,,,36.34423486856229,5.765212142807648,2024-09-26 16:35:00
texnet2024sxja,final,2024-09-25,22:17:11,3.2,,31.6220,0.9,-103.9473,0.9,7.8,8.7,1.8,0.1,27,23,TXNet,earthquake,Western Texas,,,,,,,,,,15.418812861761579,2.3937420029108596,2024-09-25 22:42:12
texnet2024sxiw,final,2024-09-25,22:10:36,2.5,,31.6047,0.4,-103.9615,0.3,8.4,9.4,0.8,0.1,22,12,TXNet,earthquake,Western Texas,,,,,,,,,,12.43953575847736,4.906202563634216,2024-09-26 09:23:27
texnet2024sxfq,final,2024-09-25,20:30:16,1.6,,31.5795,0.3,-103.9361,0.3,6.1,7.1,0.6,0.1,38,21,TXNet,earthquake,Western Texas,,,,,,,,,,40.81617700348929,4.656509695436034,2024-09-26 11:16:26
texnet2024sxez,final,2024-09-25,20:11:06,1.6,,31.5778,0.3,-103.9355,0.2,6.2,7.2,0.5,0.1,31,17,TXNet,earthquake,Western Texas,,,,,,,,,,133.23116865378685,4.843028645921371,2024-09-26 12:46:00
texnet2024sxde,final,2024-09-25,19:01:19,1.3,,28.9005,0.4,-98.0911,0.4,9.3,9.4,3.1,0.2,24,17,TXNet,earthquake,Southern Texas,,,,,,,,,,43.46148294931683,11.956862080044651,2024-09-26 20:08:46
texnet2024sxdd,final,2024-09-25,19:01:12,1.9,,31.6135,0.4,-104.0973,0.2,7.2,8.2,0.5,0.2,60,35,TXNet,earthquake,Western Texas,,,,,,,,,,58.20060413824004,3.73418218627787,2024-09-26 12:53:22
texnet2024sxdc,final,2024-09-25,19:00:58,1.4,,28.8400,1.1,-98.1180,0.8,9.1,9.2,4.1,0.1,12,10,TXNet,earthquake,Southern Texas,,,,,,,,,,26.752807475103502,15.295879098666617,2024-09-26 19:47:42
texnet2024sxcf,final,2024-09-25,18:37:02,1.6,,31.5794,0.2,-103.9382,0.2,6.1,7.1,0.5,0.1,35,20,TXNet,earthquake,Western Texas,,,,,,,,,,24.213924801167522,4.541768657407902,2024-09-26 13:19:28
texnet2024sxbp,final,2024-09-25,18:23:05,1.8,,31.5826,0.2,-103.9395,0.2,6.2,7.2,0.5,0.1,46,26,TXNet,earthquake,Western Texas,,,,,,,,,,41.14527818784827,4.186661276668403,2024-09-26 18:56:11
texnet2024sxax,final,2024-09-25,18:06:14,2.4,,31.5805,0.2,-103.9417,0.2,6.1,7.1,0.4,0.1,32,16,TXNet,earthquake,Western Texas,,,,,,,,,,132.9904357554916,4.235370979918785,2024-09-26 12:14:38
texnet2024sxar,final,2024-09-25,17:57:01,1.9,,31.5809,0.2,-103.9394,0.2,6.1,7.1,0.4,0.1,36,19,TXNet,earthquake,Western Texas,,,,,,,,,,40.954207497186836,4.340555418853626,2024-09-26 12:21:30
texnet2024sxam,final,2024-09-25,17:49:52,2.2,,32.1469,0.9,-101.0646,0.9,9.3,10.0,2.4,0.2,61,33,TXNet,earthquake,Western Texas,,,,,,,,,,217.53285178917483,25.095390203513233,2024-09-26 18:37:17
texnet2024sxag,final,2024-09-25,17:45:10,1.6,,31.5817,0.3,-103.9425,0.3,6.6,7.6,0.7,0.1,40,20,TXNet,earthquake,Western Texas,,,,,,,,,,41.03121458989679,4.08729895248171,2024-09-26 17:52:03
texnet2024sxae,final,2024-09-25,17:42:48,1.5,,31.5824,0.2,-103.9382,0.2,6.1,7.1,0.3,0.1,43,26,TXNet,earthquake,Western Texas,,,,,,,,,,47.53168220605419,4.2909121492386895,2024-09-26 13:42:42
texnet2024swzt,final,2024-09-25,17:33:35,1.9,,31.5814,0.2,-103.9406,0.2,6.2,7.2,0.4,0.1,44,24,TXNet,earthquake,Western Texas,,,,,,,,,,41.01297516392644,4.218176894677657,2024-09-26 13:30:36
texnet2024swzq,final,2024-09-25,17:29:44,2.2,,31.5819,0.2,-103.9395,0.2,6.2,7.2,0.4,0.1,58,33,TXNet,earthquake,Western Texas,,,,,,,,,,54.06943060772613,4.24451394962712,2024-09-26 13:59:13
texnet2024swzo,final,2024-09-25,17:27:14,1.7,,31.5833,0.2,-103.9390,0.2,5.5,6.5,0.5,0.1,28,17,TXNet,earthquake,Western Texas,,,,,,,,,,35.543624769534055,5.972908124859652,2024-09-26 13:24:13
texnet2024swzn,final,2024-09-25,17:25:13,2.5,,31.5781,0.4,-103.9388,0.3,6.8,7.8,0.7,0.1,29,16,TXNet,earthquake,Western Texas,,,,,,,,,,133.0156401075926,4.611545370091065,2024-09-26 10:06:03
texnet2024swzj,final,2024-09-25,17:21:48,1.5,,31.5842,0.3,-103.9411,0.3,5.4,6.3,0.8,0.1,35,24,TXNet,earthquake,Western Texas,,,,,,,,,,35.31682231983108,3.9511663821472385,2024-10-02 19:44:57
texnet2024swzi,final,2024-09-25,17:20:12,1.6,,31.5826,0.2,-103.9417,0.2,6.1,7.1,0.4,0.1,30,16,TXNet,earthquake,Western Texas,,,,,,,,,,133.14213555977096,4.054594054866268,2024-09-26 12:03:46
texnet2024swyt,final,2024-09-25,17:06:08,2.2,,31.5836,0.2,-103.9415,0.2,6.2,7.2,0.5,0.1,34,20,TXNet,earthquake,Western Texas,,,,,,,,,,41.25203124328709,5.971182623915432,2024-09-26 12:26:53
texnet2024swyp,final,2024-09-25,17:02:07,2.2,,31.5840,0.2,-103.9425,0.2,5.7,6.6,0.4,0.1,34,19,TXNet,earthquake,Western Texas,,,,,,,,,,24.819570121353554,3.887524250363122,2024-09-26 12:33:16
texnet2024swuy,final,2024-09-25,15:13:15,1.7,,32.2357,0.3,-101.9295,0.4,6.2,7.1,0.6,0.1,31,23,TXNet,earthquake,Western Texas,,,,,,,,,,22.00883182108026,3.8050493793747924,2024-09-26 14:45:16
texnet2024swtz,final,2024-09-25,14:44:13,1.6,,31.4995,0.5,-104.0178,0.6,5.5,6.5,0.7,0.2,43,24,TXNet,earthquake,Western Texas,,,,,,,,,,49.521831556844866,5.234550126798735,2024-09-26 13:35:50
texnet2024swtt,final,2024-09-25,14:37:02,1.7,,31.9682,0.3,-104.0207,0.3,7.6,8.5,0.5,0.1,33,22,TXNet,earthquake,Western Texas,,,,,,,,,,32.35891683271942,3.8480333737517793,2024-09-26 14:22:45
texnet2024swrg,final,2024-09-25,13:22:21,2.2,,31.8887,0.4,-101.7248,0.4,7.2,7.9,1.0,0.1,35,28,TXNet,earthquake,Western Texas,,,,,,,,,,42.734411558516015,5.192037495087051,2024-09-25 14:13:00
texnet2024swlh,final,2024-09-25,10:20:04,2.1,,31.5955,0.3,-104.1125,0.3,7.2,8.3,0.5,0.2,80,42,TXNet,earthquake,Western Texas,,,,,,,,,,113.10939149827603,2.3041309281353386,2024-09-25 12:24:15
texnet2024swkf,final,2024-09-25,09:48:09,2.5,,31.6657,0.5,-104.3752,0.3,6.6,7.8,0.9,0.2,34,22,TXNet,earthquake,Western Texas,,,,,,,,,,33.75002411557509,5.490115377114076,2024-09-25 12:05:16
texnet2024swjm,final,2024-09-25,09:23:40,1.6,,28.5141,1.7,-98.4654,1.4,8.8,8.8,3.4,0.3,23,18,TXNet,earthquake,Southern Texas,,,,,,,,,,64.96786096872323,9.41214279654202,2024-09-25 12:55:58
texnet2024swit,final,2024-09-25,09:04:04,1.1,,32.4289,0.4,-102.1085,0.3,7.1,8.0,0.7,0.1,44,23,TXNet,earthquake,Western Texas,,,,,,,,,,182.11247303156043,2.3458125745507887,2024-09-26 17:24:04
texnet2024swgh,final,2024-09-25,07:47:52,1.7,,31.6122,0.4,-104.1879,0.3,8.2,9.3,0.8,0.1,24,18,TXNet,earthquake,Western Texas,,,,,,,,,,20.959534801037336,6.995739225144587,2024-09-25 12:47:45
texnet2024swec,final,2024-09-25,06:43:01,1.8,,32.4142,0.3,-102.0442,0.2,8.4,9.2,0.6,0.1,54,29,TXNet,earthquake,Western Texas,,,,,,,,,,41.83368233538952,6.307420036638865,2024-09-25 12:24:55
texnet2024svyj,final,2024-09-25,03:48:37,1.3,,31.6183,0.8,-104.5130,0.6,8.2,9.5,0.8,0.2,29,18,TXNet,earthquake,Western Texas,,,,,,,,,,102.41486774999505,5.713751290591825,2024-09-25 13:09:20
texnet2024svyg,final,2024-09-25,03:44:32,1.7,,31.6874,0.4,-104.3549,0.3,7.0,8.1,0.8,0.2,50,29,TXNet,earthquake,Western Texas,,,,,,,,,,86.6430765530993,8.092109886157912,2024-09-25 08:22:13
texnet2024svwj,final,2024-09-25,02:47:41,1.6,,31.6248,0.5,-104.5083,0.5,7.9,9.3,0.6,0.2,33,19,TXNet,earthquake,Western Texas,,,,,,,,,,46.81113083568877,4.925478395826964,2024-09-25 13:06:47
texnet2024svva,final,2024-09-25,02:07:10,1.4,,32.2934,0.3,-102.1536,0.3,7.9,8.8,1.5,0.1,27,21,TXNet,earthquake,Western Texas,,,,,,,,,,33.87081165347148,8.092123890350187,2024-09-25 12:59:41
texnet2024svry,final,2024-09-25,00:34:51,1.6,,32.7658,0.4,-100.6380,0.4,7.0,7.7,1.0,0.1,17,9,TXNet,earthquake,Western Texas,,,,,,,,,,113.87395071081374,6.500944868901771,2024-09-25 13:13:01
texnet2024svom,final,2024-09-24,22:49:23,2.3,,31.6102,0.3,-103.9251,0.2,7.8,8.7,0.4,0.1,29,15,TXNet,earthquake,Western Texas,,,,,,,,,,27.248252230313852,3.6379000350721276,2024-09-25 11:56:36
texnet2024svme,final,2024-09-24,21:36:10,1.5,,31.6117,0.5,-103.9287,0.5,8.5,9.4,0.7,0.2,23,17,TXNet,earthquake,Western Texas,,,,,,,,,,14.639757895334633,3.410620375801936,2024-09-25 08:48:43
texnet2024svll,final,2024-09-24,21:14:42,1.8,,31.6600,1.1,-104.4351,0.6,6.0,7.3,1.4,0.3,38,20,TXNet,earthquake,Western Texas,,,,,,,,,,110.43444021867492,0.5185170952460794,2024-09-25 07:54:22
texnet2024svfn,final,2024-09-24,17:57:37,1.9,,31.6654,0.6,-104.5544,0.7,6.1,7.5,0.6,0.2,35,21,TXNet,earthquake,Western Texas,,,,,,,,,,75.79300106844013,5.095836559159224,2024-09-25 12:55:56
texnet2024suwa,final,2024-09-24,13:27:09,1.8,,32.3969,0.3,-102.0067,0.3,8.2,9.0,0.8,0.1,29,21,TXNet,earthquake,Western Texas,,,,,,,,,,27.66584699308045,8.396464515455582,2024-09-24 14:20:16
texnet2024susm,final,2024-09-24,11:40:42,2.2,,31.6740,0.4,-104.3763,0.3,6.7,7.8,0.7,0.2,49,26,TXNet,earthquake,Western Texas,,,,,,,,,,64.88890753569754,5.636747038508108,2024-09-24 12:06:24
texnet2024suqn,final,2024-09-24,10:42:32,1.3,,32.4115,0.5,-102.0582,0.2,8.1,8.9,0.6,0.1,37,23,TXNet,earthquake,Western Texas,,,,,,,,,,103.67244526891446,4.976000639048618,2024-09-24 12:13:18
texnet2024supo,final,2024-09-24,10:13:47,1.7,,31.6788,0.8,-104.3836,0.4,8.0,9.2,1.1,0.2,22,15,TXNet,earthquake,Western Texas,,,,,,,,,,26.88119152810196,5.22776211932547,2024-09-24 12:24:34
texnet2024supb,final,2024-09-24,09:56:28,1.8,,31.6698,0.5,-104.3774,0.3,7.3,8.5,0.8,0.3,51,28,TXNet,earthquake,Western Texas,,,,,,,,,,58.78907220396665,5.397284823008073,2024-09-24 12:18:33
texnet2024supa,final,2024-09-24,09:55:48,1.1,,31.6705,0.9,-104.3825,0.4,8.0,9.2,1.4,0.3,27,14,TXNet,earthquake,Western Texas,,,,,,,,,,113.89953182564417,7.805604761996351,2024-09-24 13:05:26
texnet2024suis,final,2024-09-24,06:45:48,2.8,,31.5628,0.6,-104.1076,0.4,7.2,8.3,0.7,0.2,31,24,TXNet,earthquake,Western Texas,,,,,,,,,,40.96123513189156,2.433355938020005,2024-09-24 09:23:05
texnet2024stzp,final,2024-09-24,02:09:57,1.8,,28.8565,0.5,-98.1014,0.5,7.8,7.9,2.5,0.2,20,20,TXNet,earthquake,Southern Texas,,,,,,,,,,38.475195040540605,15.064014730073144,2024-09-24 11:34:14
texnet2024stzb,final,2024-09-24,01:53:38,1.6,,28.8492,0.9,-98.1056,0.8,1.7,1.9,2.3,0.2,16,16,TXNet,earthquake,Southern Texas,,,,,,,,,,32.517643348500044,14.86777164328571,2024-09-24 14:35:32
texnet2024stvn,final,2024-09-24,00:06:39,1.2,,32.3611,0.5,-102.1814,0.5,7.7,8.6,0.7,0.1,19,12,TXNet,earthquake,Western Texas,,,,,,,,,,42.20138256418038,3.9118239740012406,2024-09-24 14:18:05
texnet2024stud,final,2024-09-23,23:22:31,2.1,,31.6537,0.6,-104.4547,0.5,6.1,7.4,0.6,0.2,38,24,TXNet,earthquake,Western Texas,,,,,,,,,,41.58566428628252,2.1686715624282473,2024-09-24 13:02:19
texnet2024sttx,final,2024-09-23,23:18:38,2.4,,31.6574,0.6,-104.4505,0.4,6.1,7.4,0.6,0.2,45,27,TXNet,earthquake,Western Texas,,,,,,,,,,59.45856858016288,1.7510503079078092,2024-09-24 11:11:57
texnet2024strz,final,2024-09-23,22:19:13,1.5,,28.8483,1.2,-98.1128,0.9,5.2,5.4,3.2,0.2,10,10,TXNet,earthquake,Southern Texas,,,,,,,,,,32.343560384465576,15.377102202915399,2024-09-24 14:51:43
texnet2024strv,final,2024-09-23,22:13:45,3.4,,28.8657,0.4,-98.1056,0.6,2.8,2.9,2.3,0.1,19,15,TXNet,earthquake,Southern Texas,,,,,,,,,,32.836965254196,15.178401141711246,2024-09-23 22:39:24
texnet2024stjo,final,2024-09-23,17:56:43,1.0,,32.2980,0.6,-101.6166,0.4,5.0,5.8,0.9,0.2,29,17,TXNet,earthquake,Western Texas,,,,,,,,,,20.60743604566065,3.0071735620873685,2024-09-24 20:36:14
texnet2024stdv,final,2024-09-23,15:09:54,1.7,,28.8400,0.8,-98.1097,0.7,5.0,5.1,2.6,0.2,16,16,TXNet,earthquake,Southern Texas,,,,,,,,,,36.5057736226302,14.61341500266599,2024-09-24 14:44:20
texnet2024stcg,final,2024-09-23,14:21:41,2.3,,28.8583,0.6,-98.1449,0.6,8.2,8.4,2.7,0.1,16,16,TXNet,earthquake,Southern Texas,,,,,,,,,,28.577526775940147,18.59476730125423,2024-09-24 13:04:57
texnet2024stag,final,2024-09-23,13:17:21,2.0,,32.7402,0.5,-100.6723,0.5,6.5,7.2,1.9,0.1,23,16,TXNet,earthquake,Western Texas,,,,,,,,,,97.18655102241173,9.75921184330034,2024-09-23 21:31:14
texnet2024sszo,final,2024-09-23,13:00:47,1.6,,28.8354,0.8,-98.0818,0.7,5.3,5.4,2.4,0.3,19,16,TXNet,earthquake,Southern Texas,,,,,,,,,,35.22525659182356,12.100414904410371,2024-09-23 18:38:16
texnet2024sszh,final,2024-09-23,12:51:57,1.1,,31.7770,0.5,-101.9906,0.4,9.4,10.3,1.6,0.1,24,16,TXNet,earthquake,Western Texas,,,,,,,,,,53.86732738995252,11.018616827886097,2024-09-23 20:44:20
texnet2024ssyf,final,2024-09-23,12:12:45,1.1,,32.4161,0.5,-102.0700,0.5,8.4,9.2,0.9,0.2,42,24,TXNet,earthquake,Western Texas,,,,,,,,,,116.86777145177113,3.9588002077338578,2024-09-24 20:23:27
texnet2024ssvk,final,2024-09-23,10:53:21,1.2,,32.4088,0.4,-102.0657,0.4,7.3,8.2,1.0,0.1,28,19,TXNet,earthquake,Western Texas,,,,,,,,,,57.93801557031947,4.256671588917158,2024-09-23 14:43:39
texnet2024ssuq,final,2024-09-23,10:29:02,1.2,,31.9382,0.3,-102.0207,0.2,8.6,9.4,0.8,0.1,25,17,TXNet,earthquake,Western Texas,,,,,,,,,,32.025274461763715,9.497759499424296,2024-09-23 17:39:27
texnet2024ssub,final,2024-09-23,10:14:15,2.9,,32.4216,0.3,-102.0678,0.3,8.5,9.3,0.5,0.1,47,26,TXNet,earthquake,Western Texas,,,,,,,,,,39.91334631124263,4.329674013847058,2024-09-23 12:43:08
texnet2024ssof,final,2024-09-23,07:15:50,1.6,,31.6064,0.4,-104.3037,0.4,7.6,8.8,0.9,0.2,48,27,TXNet,earthquake,Western Texas,,,,,,,,,,49.070350552165564,8.135010516189155,2024-09-23 12:02:50
texnet2024ssnc,final,2024-09-23,06:43:05,2.1,,31.6625,0.6,-104.3692,0.4,7.6,8.8,1.1,0.2,35,18,TXNet,earthquake,Western Texas,,,,,,,,,,113.78125832649768,5.992397141311893,2024-09-23 12:09:20
texnet2024ssmp,final,2024-09-23,06:27:39,1.6,,31.2108,0.8,-103.5246,0.6,7.4,8.2,2.8,0.1,12,11,TXNet,earthquake,Western Texas,,,,,,,,,,18.78369200823486,10.28733012538836,2024-09-23 15:13:24
texnet2024sshx,final,2024-09-23,04:05:50,1.3,,31.7120,0.5,-101.7152,0.5,8.3,9.2,1.1,0.1,27,18,TXNet,earthquake,Western Texas,,,,,,,,,,65.52719513160115,10.147211883802422,2024-09-23 17:47:57
texnet2024ssht,final,2024-09-23,03:59:28,1.5,,31.4213,0.3,-103.7825,0.4,7.2,8.1,2.4,0.1,20,11,TXNet,earthquake,Western Texas,,,,,,,,,,28.525470323507967,9.818171764696945,2024-09-23 10:22:41
texnet2024ssgv,final,2024-09-23,03:32:21,1.5,,31.6174,0.7,-104.5103,0.5,8.3,9.6,0.8,0.2,31,19,TXNet,earthquake,Western Texas,,,,,,,,,,102.16716149708566,5.7661102356562735,2024-09-23 10:34:01
texnet2024ssdu,final,2024-09-23,02:00:17,1.7,,31.7807,0.3,-101.9928,0.2,8.8,9.6,0.7,0.1,36,23,TXNet,earthquake,Western Texas,,,,,,,,,,53.61882041876672,10.980272269321626,2024-09-23 14:57:21
texnet2024sscy,final,2024-09-23,01:31:10,1.1,,31.6214,0.6,-102.0871,0.7,7.3,8.1,1.3,0.1,14,9,TXNet,earthquake,Western Texas,,,,,,,,,,119.8935935202381,5.163737265744341,2024-09-23 18:40:29
texnet2024ssbx,final,2024-09-23,01:03:07,1.5,,32.2174,0.2,-101.9981,0.2,8.1,8.9,0.7,0.1,27,23,TXNet,earthquake,Western Texas,,,,,,,,,,21.530908748780448,8.209812970606674,2024-09-23 18:04:53
texnet2024ssbn,final,2024-09-23,00:49:50,2.0,,32.4124,0.2,-102.0657,0.2,8.7,9.5,0.5,0.1,45,31,TXNet,earthquake,Western Texas,,,,,,,,,,41.80957284884445,4.285035938163239,2024-09-23 13:17:36
texnet2024ssak,final,2024-09-23,00:17:21,2.6,,32.2220,0.2,-102.0035,0.2,7.7,8.6,1.0,0.1,56,43,TXNet,earthquake,Western Texas,,,,,,,,,,36.0432110088166,8.85029241629559,2024-09-23 13:03:15
texnet2024srzu,final,2024-09-22,23:58:56,1.9,,31.6285,0.7,-104.5083,0.7,7.9,9.3,0.6,0.3,38,21,TXNet,earthquake,Western Texas,,,,,,,,,,102.9399136262561,4.521405024789816,2024-09-23 10:44:31
texnet2024srxi,final,2024-09-22,22:42:46,1.9,,31.6266,0.8,-104.5099,0.6,7.7,9.1,0.7,0.3,45,26,TXNet,earthquake,Western Texas,,,,,,,,,,83.02843673099358,4.750064470609831,2024-09-23 11:05:32
texnet2024srtf,final,2024-09-22,20:39:26,2.1,,31.6515,0.5,-104.4412,0.4,6.6,7.8,0.6,0.2,46,31,TXNet,earthquake,Western Texas,,,,,,,,,,62.839547739952664,1.019057242146409,2024-09-23 11:43:09
texnet2024srpm,final,2024-09-22,18:43:50,2.2,,32.7631,0.4,-100.6734,0.4,8.9,9.6,1.1,0.1,25,18,TXNet,earthquake,Western Texas,,,,,,,,,,80.93850461302434,9.466526250642294,2024-09-23 21:59:50
texnet2024srmw,final,2024-09-22,17:27:38,1.3,,32.3676,0.4,-102.1868,0.4,8.3,9.1,0.8,0.1,18,12,TXNet,earthquake,Western Texas,,,,,,,,,,42.070505178382696,3.5146615642234553,2024-09-23 18:47:00
texnet2024srjb,final,2024-09-22,15:32:09,1.3,,32.4197,0.6,-102.0657,0.3,7.0,7.9,0.9,0.1,20,14,TXNet,earthquake,Western Texas,,,,,,,,,,32.824791182716545,4.454324208474385,2024-09-23 17:28:01
texnet2024srfe,final,2024-09-22,13:34:34,1.6,,31.6516,0.8,-104.4512,0.4,6.6,7.9,0.7,0.2,29,15,TXNet,earthquake,Western Texas,,,,,,,,,,108.89252048771941,1.8866016005766988,2024-09-23 12:23:41
texnet2024srae,final,2024-09-22,11:01:47,2.3,,32.1514,1.4,-101.0726,1.3,1.5,2.2,1.6,0.3,34,20,TXNet,earthquake,Western Texas,,,,,,,,,,218.62547105669975,26.76508459344506,2024-09-23 13:05:04
texnet2024sqxh,final,2024-09-22,09:35:16,1.9,,31.6464,0.7,-104.4455,0.4,6.9,8.2,0.7,0.2,32,20,TXNet,earthquake,Western Texas,,,,,,,,,,66.8688047042419,1.6794364021998958,2024-09-23 16:06:01
texnet2024sqvt,final,2024-09-22,08:48:13,3.4,,31.6559,0.5,-104.3966,0.3,5.8,7.0,0.7,0.1,34,26,TXNet,earthquake,Western Texas,,,,,,,,,,46.31458869692377,3.3555682433011915,2024-09-22 09:07:12
texnet2024sqrs,final,2024-09-22,06:34:24,1.1,,31.9373,0.3,-102.0174,0.2,9.1,9.9,0.9,0.1,50,27,TXNet,earthquake,Western Texas,,,,,,,,,,78.06141215753797,9.178671462617835,2024-09-24 20:08:28
texnet2024sqqd,final,2024-09-22,05:57:08,1.0,,31.9400,0.4,-102.0164,0.3,9.0,9.8,1.0,0.1,28,19,TXNet,earthquake,Western Texas,,,,,,,,,,40.996525591823314,9.160238824189294,2024-09-23 20:25:57
texnet2024sqnk,final,2024-09-22,04:33:55,1.5,,31.6545,0.9,-104.4741,0.7,5.5,6.8,0.7,0.2,39,28,TXNet,earthquake,Western Texas,,,,,,,,,,65.7211880835862,2.975423014013791,2024-09-23 17:55:59
texnet2024sqmp,final,2024-09-22,04:10:36,1.5,,32.1368,0.3,-102.2125,0.3,6.3,7.2,0.7,0.1,51,34,TXNet,earthquake,Western Texas,,,,,,,,,,45.552424143154056,4.367441958182624,2024-09-23 14:52:58
texnet2024sqhv,final,2024-09-22,01:45:47,2.1,,31.6523,1.1,-104.4639,0.6,5.7,7.0,0.9,0.2,14,10,TXNet,earthquake,Western Texas,,,,,,,,,,12.196073053994223,3.048216231123148,2024-09-23 13:59:33
texnet2024sqgb,final,2024-09-22,00:51:03,1.8,,32.3996,0.3,-102.0571,0.2,8.6,9.5,0.6,0.1,39,29,TXNet,earthquake,Western Texas,,,,,,,,,,37.98219554158393,5.144356292853985,2024-09-23 18:24:51
texnet2024sqdg,final,2024-09-21,23:24:37,1.6,,31.6519,0.5,-104.4536,0.5,6.4,7.7,0.6,0.3,32,16,TXNet,earthquake,Western Texas,,,,,,,,,,108.8059785652431,2.1031855017244165,2024-09-23 15:57:51
texnet2024sqco,final,2024-09-21,23:00:51,1.9,,31.6851,0.4,-104.3565,0.3,6.6,7.7,0.8,0.1,33,24,TXNet,earthquake,Western Texas,,,,,,,,,,31.463867248721485,7.847072361692961,2024-09-23 14:09:50
texnet2024sqbr,final,2024-09-21,22:30:19,1.4,,32.4115,0.4,-102.0625,0.3,8.4,9.3,0.8,0.1,33,18,TXNet,earthquake,Western Texas,,,,,,,,,,49.07341058505688,4.574944339138042,2024-09-24 19:43:18
texnet2024spuj,final,2024-09-21,18:56:38,2.8,,31.6181,1.4,-104.5187,0.8,8.2,9.5,1.1,0.3,24,18,TXNet,earthquake,Western Texas,,,,,,,,,,41.070185927672675,5.875044258560084,2024-09-23 09:12:07
texnet2024spsr,final,2024-09-21,18:04:07,1.6,,32.4124,0.4,-102.0485,0.3,8.4,9.3,0.6,0.1,26,16,TXNet,earthquake,Western Texas,,,,,,,,,,40.29559179552649,5.886862391671621,2024-09-23 18:32:28
texnet2024spsq,final,2024-09-21,18:02:23,1.8,,31.6199,1.0,-104.5165,0.8,8.5,9.8,0.9,0.1,22,17,TXNet,earthquake,Western Texas,,,,,,,,,,46.22127357326242,5.620623222456501,2024-09-23 14:20:22
texnet2024spry,final,2024-09-21,17:40:40,1.8,,31.6681,0.4,-104.4520,0.3,4.6,5.9,0.5,0.1,26,18,TXNet,earthquake,Western Texas,,,,,,,,,,49.97452035474011,2.311097440338818,2024-09-23 15:45:23
texnet2024spql,final,2024-09-21,16:58:24,1.7,,31.6769,0.4,-104.4178,0.3,8.4,9.6,0.7,0.1,29,25,TXNet,earthquake,Western Texas,,,,,,,,,,47.22419998971859,2.671958896163235,2024-09-23 14:46:56
texnet2024sppg,final,2024-09-21,16:23:46,1.5,,32.1268,0.3,-102.2050,0.4,6.6,7.5,0.8,0.1,38,24,TXNet,earthquake,Western Texas,,,,,,,,,,55.99867715285752,3.603134931619243,2024-09-23 17:56:07
texnet2024spna,final,2024-09-21,15:16:19,2.9,,28.5745,0.6,-98.4199,0.4,7.3,7.3,1.4,0.1,17,17,TXNet,earthquake,Southern Texas,,,,,,,,,,41.50072106363533,15.149161459528063,2024-09-21 15:34:13
texnet2024splk,final,2024-09-21,14:26:44,1.3,,31.6068,0.7,-104.5183,0.5,8.6,9.9,0.8,0.1,24,17,TXNet,earthquake,Western Texas,,,,,,,,,,38.71265101789319,7.075448535144707,2024-09-23 21:00:21
texnet2024sphd,final,2024-09-21,12:16:46,1.0,,32.1323,0.4,-102.2136,0.4,5.8,6.7,1.8,0.2,38,21,TXNet,earthquake,Western Texas,,,,,,,,,,64.22182835973034,4.4049229389126205,2024-09-23 20:38:24
texnet2024spgo,final,2024-09-21,11:58:55,1.8,,32.1451,0.6,-102.2136,0.4,6.6,7.5,0.9,0.1,28,18,TXNet,earthquake,Western Texas,,,,,,,,,,27.673362467406857,4.716389129703198,2024-09-23 18:13:02
texnet2024spfr,final,2024-09-21,11:31:00,1.7,,32.1359,0.4,-102.2050,0.3,7.3,8.2,0.9,0.1,48,32,TXNet,earthquake,Western Texas,,,,,,,,,,32.452729553062404,3.6543555656082427,2024-09-23 15:12:50
texnet2024spdq,final,2024-09-21,10:30:45,1.4,,32.4106,0.4,-102.0614,0.3,8.6,9.5,0.8,0.1,27,22,TXNet,earthquake,Western Texas,,,,,,,,,,32.832978133460216,7.867503286535961,2024-09-23 17:17:13
texnet2024spbr,final,2024-09-21,09:27:00,2.9,,32.4115,0.3,-102.0625,0.2,8.1,8.9,0.6,0.1,50,38,TXNet,earthquake,Western Texas,,,,,,,,,,46.55533834002714,4.574944339138042,2024-09-21 09:52:20
texnet2024spbn,final,2024-09-21,09:25:12,2.6,,32.4088,0.4,-102.0549,0.3,5.9,6.8,1.5,0.1,22,14,TXNet,earthquake,Western Texas,,,,,,,,,,23.736212559708026,8.172172167273724,2024-09-23 10:26:00
texnet2024spar,final,2024-09-21,09:00:42,2.0,,31.6285,0.8,-104.5034,0.7,8.3,9.6,0.8,0.2,25,14,TXNet,earthquake,Western Texas,,,,,,,,,,83.61493703509795,4.4681298811619845,2024-09-23 20:19:56
texnet2024soxt,final,2024-09-21,07:33:14,1.3,,31.6210,0.7,-104.5233,0.6,7.9,9.3,0.8,0.2,31,19,TXNet,earthquake,Western Texas,,,,,,,,,,46.370877134651224,5.709388625217348,2024-09-23 20:07:39
texnet2024soxs,final,2024-09-21,07:31:57,1.3,,31.6284,0.9,-104.5207,0.7,7.7,9.1,0.8,0.1,25,16,TXNet,earthquake,Western Texas,,,,,,,,,,70.67746158655689,4.8560552392351095,2024-09-23 18:49:42
texnet2024souy,final,2024-09-21,06:07:54,1.1,,32.4115,0.3,-102.0582,0.3,6.9,7.8,0.7,0.1,52,29,TXNet,earthquake,Western Texas,,,,,,,,,,187.61404963346703,4.976000639048618,2024-09-23 18:32:55
texnet2024sotk,final,2024-09-21,05:19:56,1.7,,31.6273,1.0,-104.5188,0.9,7.8,9.1,1.0,0.2,29,18,TXNet,earthquake,Western Texas,,,,,,,,,,82.1836008938459,4.907454353910324,2024-09-23 17:50:48
texnet2024soog,final,2024-09-21,02:45:28,1.6,,31.6136,0.3,-104.0012,0.3,8.5,9.5,0.4,0.1,25,16,TXNet,earthquake,Western Texas,,,,,,,,,,21.271776277571647,1.7100273100763317,2024-09-23 14:28:25
texnet2024sogz,final,2024-09-20,23:01:28,1.4,,31.6224,0.7,-104.5222,0.5,8.4,9.8,0.8,0.2,25,16,TXNet,earthquake,Western Texas,,,,,,,,,,70.35723463770468,5.528708036731991,2024-09-23 17:27:12
texnet2024sogn,final,2024-09-20,22:50:32,1.9,,32.4417,0.3,-102.0571,0.3,9.4,10.3,0.7,0.1,57,32,TXNet,earthquake,Western Texas,,,,,,,,,,58.46766369519601,6.303581820932667,2024-09-23 15:57:11
texnet2024soao,final,2024-09-20,19:48:32,1.0,,32.3969,0.3,-101.7195,0.3,5.6,6.4,0.9,0.2,52,27,TXNet,earthquake,Western Texas,,,,,,,,,,77.42712636039053,0.697232395797016,2024-09-23 15:12:34
texnet2024snxx,final,2024-09-20,18:29:29,1.8,,31.6087,0.3,-103.9687,0.3,8.8,9.8,0.6,0.1,33,17,TXNet,earthquake,Western Texas,,,,,,,,,,17.87042309711738,4.815569656664678,2024-09-20 20:06:38
texnet2024snvs,final,2024-09-20,17:22:36,1.6,,31.7075,0.7,-101.7162,1.0,9.7,10.5,1.5,0.1,12,9,TXNet,earthquake,Western Texas,,,,,,,,,,30.429065741050042,10.637231069408813,2024-09-23 14:23:20
texnet2024snux,final,2024-09-20,16:58:55,3.1,,31.7047,0.4,-101.7152,0.4,9.8,10.6,0.8,0.1,33,24,TXNet,earthquake,Western Texas,,,,,,,,,,58.8646545387013,10.95343681952775,2024-09-20 17:21:24
texnet2024snuu,final,2024-09-20,16:54:39,1.8,,32.4124,0.3,-102.0592,0.2,8.6,9.5,0.6,0.1,65,37,TXNet,earthquake,Western Texas,,,,,,,,,,47.181108062993694,4.885099641870351,2024-09-23 13:37:28
texnet2024snqq,final,2024-09-20,14:50:13,1.2,,32.1341,0.3,-102.2114,0.3,6.3,7.2,1.0,0.1,37,24,TXNet,earthquake,Western Texas,,,,,,,,,,38.45573397794959,4.222162515114506,2024-09-23 12:59:37
texnet2024snpi,final,2024-09-20,14:07:26,2.3,,31.6175,0.5,-104.3678,0.4,6.9,8.1,0.9,0.1,46,39,TXNet,earthquake,Western Texas,,,,,,,,,,42.234542658079164,7.460765468952155,2024-09-20 19:25:08
texnet2024sndj,final,2024-09-20,08:06:56,1.9,,32.1469,0.4,-102.2222,0.4,6.4,7.3,0.6,0.1,32,26,TXNet,earthquake,Western Texas,,,,,,,,,,30.874062994660303,5.543545576689558,2024-09-20 14:47:31
texnet2024snbt,final,2024-09-20,07:17:51,2.5,,32.4179,0.2,-102.0635,0.2,8.7,9.5,0.5,0.1,64,39,TXNet,earthquake,Western Texas,,,,,,,,,,43.65232983444976,4.593462260027666,2024-09-20 13:34:02
texnet2024smsx,final,2024-09-20,02:49:31,1.7,,31.6644,1.4,-104.3286,1.2,6.3,7.5,2.7,0.2,17,13,TXNet,earthquake,Western Texas,,,,,,,,,,16.318865224058577,6.0888365704992164,2024-09-20 09:21:08
texnet2024smoj,final,2024-09-20,00:31:34,2.0,,31.9842,0.2,-103.8772,0.3,7.8,8.7,0.7,0.2,61,33,TXNet,earthquake,Western Texas,,,,,,,,,,42.69169544797299,5.713601846730452,2024-09-20 11:41:17
texnet2024smka,final,2024-09-19,22:16:14,1.7,,28.8364,2.0,-98.1280,2.0,3.9,4.0,2.3,0.3,12,11,TXNet,earthquake,Southern Texas,,,,,,,,,,52.41298102006316,18.908538550212977,2024-09-20 08:12:00
texnet2024smjs,final,2024-09-19,22:09:10,2.1,,32.4142,0.7,-102.0614,0.5,8.6,9.4,1.7,0.1,43,30,TXNet,earthquake,Western Texas,,,,,,,,,,44.085700388513004,8.15963022958342,2024-09-20 13:51:05
texnet2024smjb,final,2024-09-19,21:51:03,1.4,,32.4051,0.4,-102.0571,0.3,6.7,7.6,0.7,0.1,40,27,TXNet,earthquake,Western Texas,,,,,,,,,,65.7832219778391,5.070314600469693,2024-09-20 15:05:45
texnet2024smhq,final,2024-09-19,21:07:54,1.3,,32.4106,0.4,-102.0592,0.3,8.2,9.1,0.8,0.2,40,24,TXNet,earthquake,Western Texas,,,,,,,,,,43.656842284886636,4.868440771357638,2024-09-20 20:27:42