Lat,Lon,Pvalue,SI,theta,median_tlag,cum_Inj,Nev,Mmax,SAF,HFR,stim_days
32.0225,-96.5265,NaN,NaN,NaN,NaN,0,0,NaN,NaN,NaN,0
32.0225,-96.5795,NaN,NaN,NaN,NaN,0,0,NaN,NaN,NaN,0
32.0225,-96.6324,NaN,NaN,NaN,NaN,0,0,NaN,NaN,NaN,0
32.0225,-96.6854,NaN,NaN,NaN,NaN,0,0,NaN,NaN,NaN,0
32.0225,-96.7384,NaN,NaN,NaN,NaN,0,0,NaN,NaN,NaN,0
32.0225,-96.7914,NaN,NaN,NaN,NaN,0,0,NaN,NaN,NaN,0
32.0225,-96.8443,NaN,NaN,NaN,NaN,0,0,NaN,NaN,NaN,0
32.0225,-96.8973,NaN,NaN,NaN,NaN,0,0,NaN,NaN,NaN,0
32.0225,-96.9503,NaN,NaN,NaN,NaN,0,0,NaN,NaN,NaN,0
32.0225,-97.0033,NaN,NaN,NaN,NaN,0,0,NaN,NaN,NaN,0
32.0225,-97.0562,NaN,NaN,NaN,NaN,0,0,NaN,NaN,NaN,0
32.0225,-97.1092,NaN,NaN,NaN,NaN,0,0,NaN,NaN,NaN,0
32.0225,-97.1622,NaN,NaN,NaN,NaN,0,0,NaN,NaN,NaN,0
32.0225,-97.2152,NaN,NaN,NaN,NaN,0,0,NaN,NaN,NaN,24
32.0225,-97.2682,NaN,NaN,NaN,NaN,627207.8996,0,NaN,NaN,NaN,24
32.0225,-97.3211,NaN,NaN,NaN,NaN,0,0,NaN,NaN,NaN,0
32.0225,-97.3741,NaN,NaN,NaN,NaN,0,0,NaN,NaN,NaN,2
32.0225,-97.4271,NaN,NaN,NaN,NaN,0,0,NaN,NaN,NaN,2
32.0225,-97.4801,NaN,NaN,NaN,NaN,0,0,NaN,NaN,NaN,0
32.0225,-97.533,NaN,NaN,NaN,NaN,0,0,NaN,NaN,NaN,0
32.0225,-97.586,NaN,NaN,NaN,NaN,0,0,NaN,NaN,NaN,0
32.0225,-97.639,NaN,NaN,NaN,NaN,0,0,NaN,NaN,NaN,0
32.0225,-97.692,NaN,NaN,NaN,NaN,0,0,NaN,NaN,NaN,0
32.0225,-97.7449,NaN,NaN,NaN,NaN,0,0,NaN,NaN,NaN,0
32.0225,-97.7979,NaN,NaN,NaN,NaN,0,0,NaN,NaN,NaN,0
32.0225,-97.8509,NaN,NaN,NaN,NaN,0,0,NaN,NaN,NaN,0
32.0225,-97.9039,NaN,NaN,NaN,NaN,0,0,NaN,NaN,NaN,0
32.0225,-97.9568,NaN,NaN,NaN,NaN,0,0,NaN,NaN,NaN,0
32.0225,-98.0098,NaN,NaN,NaN,NaN,0,0,NaN,NaN,NaN,0
32.0225,-98.0628,NaN,NaN,NaN,NaN,0,0,NaN,NaN,NaN,0
32.0225,-98.1158,NaN,NaN,NaN,NaN,0,0,NaN,NaN,NaN,0
32.0225,-98.1687,NaN,NaN,NaN,NaN,0,0,NaN,NaN,NaN,0
32.0225,-98.2217,NaN,NaN,NaN,NaN,0,0,NaN,NaN,NaN,0
32.0225,-98.2747,NaN,NaN,NaN,NaN,0,0,NaN,NaN,NaN,0
32.0225,-98.3277,NaN,NaN,NaN,NaN,0,0,NaN,NaN,NaN,0
32.0225,-98.3806,NaN,NaN,NaN,NaN,0,0,NaN,NaN,NaN,0
32.0225,-98.4336,NaN,NaN,NaN,NaN,0,0,NaN,NaN,NaN,0
32.0225,-98.4866,NaN,NaN,NaN,NaN,0,0,NaN,NaN,NaN,0
32.0676,-96.5265,NaN,NaN,NaN,NaN,0,0,NaN,NaN,NaN,0
32.0676,-96.5795,NaN,NaN,NaN,NaN,0,0,NaN,NaN,NaN,0
32.0676,-96.6325,NaN,NaN,NaN,NaN,0,0,NaN,NaN,NaN,0
32.0676,-96.6855,NaN,NaN,NaN,NaN,0,0,NaN,NaN,NaN,0
32.0676,-96.7385,NaN,NaN,NaN,NaN,0,0,NaN,NaN,NaN,0
32.0676,-96.7915,NaN,NaN,NaN,NaN,0,0,NaN,NaN,NaN,0
32.0676,-96.8445,NaN,NaN,NaN,NaN,0,0,NaN,NaN,NaN,0
32.0676,-96.8975,NaN,NaN,NaN,NaN,0,0,NaN,NaN,NaN,0
32.0676,-96.9505,NaN,NaN,NaN,NaN,0,0,NaN,NaN,NaN,0
32.0676,-97.0035,NaN,NaN,NaN,NaN,0,0,NaN,NaN,NaN,0
32.0676,-97.0565,NaN,NaN,NaN,NaN,0,0,NaN,NaN,NaN,0
32.0676,-97.1095,NaN,NaN,NaN,NaN,0,0,NaN,NaN,NaN,0
32.0676,-97.1625,NaN,NaN,NaN,NaN,0,0,NaN,NaN,NaN,0
32.0676,-97.2155,NaN,NaN,NaN,NaN,0,0,NaN,NaN,NaN,24
32.0676,-97.2685,NaN,NaN,NaN,NaN,0,0,NaN,NaN,NaN,24
32.0676,-97.3215,NaN,NaN,NaN,NaN,273850.9562,0,NaN,NaN,NaN,2
32.0676,-97.3745,NaN,NaN,NaN,NaN,0,0,NaN,NaN,NaN,4
32.0676,-97.4275,NaN,NaN,NaN,NaN,284776.9544,0,NaN,NaN,NaN,2
32.0676,-97.4805,NaN,NaN,NaN,NaN,0,0,NaN,NaN,NaN,0
32.0676,-97.5335,NaN,NaN,NaN,NaN,0,0,NaN,NaN,NaN,0
32.0676,-97.5865,NaN,NaN,NaN,NaN,0,0,NaN,NaN,NaN,0
32.0676,-97.6395,NaN,NaN,NaN,NaN,0,0,NaN,NaN,NaN,0
32.0676,-97.6925,NaN,NaN,NaN,NaN,0,0,NaN,NaN,NaN,4
32.0676,-97.7455,NaN,NaN,NaN,NaN,40989.9458,0,NaN,NaN,NaN,4
32.0676,-97.7986,NaN,NaN,NaN,NaN,0,0,NaN,NaN,NaN,0
32.0676,-97.8516,NaN,NaN,NaN,NaN,0,0,NaN,NaN,NaN,0
32.0676,-97.9046,NaN,NaN,NaN,NaN,0,0,NaN,NaN,NaN,0
32.0676,-97.9576,NaN,NaN,NaN,NaN,0,0,NaN,NaN,NaN,0
32.0676,-98.0106,NaN,NaN,NaN,NaN,0,0,NaN,NaN,NaN,0
32.0676,-98.0636,NaN,NaN,NaN,NaN,0,0,NaN,NaN,NaN,0
32.0676,-98.1166,NaN,NaN,NaN,NaN,0,0,NaN,NaN,NaN,0
32.0676,-98.1696,NaN,NaN,NaN,NaN,0,0,NaN,NaN,NaN,0
32.0676,-98.2226,NaN,NaN,NaN,NaN,0,0,NaN,NaN,NaN,0
32.0676,-98.2756,NaN,NaN,NaN,NaN,0,0,NaN,NaN,NaN,0
32.0676,-98.3286,NaN,NaN,NaN,NaN,0,0,NaN,NaN,NaN,0
32.0676,-98.3816,NaN,NaN,NaN,NaN,0,0,NaN,NaN,NaN,0
32.0676,-98.4346,NaN,NaN,NaN,NaN,0,0,NaN,NaN,NaN,0
32.0676,-98.4876,NaN,NaN,NaN,NaN,0,0,NaN,NaN,NaN,0
32.1126,-96.5265,NaN,NaN,NaN,NaN,0,0,NaN,NaN,NaN,0
32.1126,-96.5795,NaN,NaN,NaN,NaN,0,0,NaN,NaN,NaN,0
32.1126,-96.6326,NaN,NaN,NaN,NaN,0,0,NaN,NaN,NaN,0
32.1126,-96.6856,NaN,NaN,NaN,NaN,0,0,NaN,NaN,NaN,0
32.1126,-96.7386,NaN,NaN,NaN,NaN,0,0,NaN,NaN,NaN,0
32.1126,-96.7917,NaN,NaN,NaN,NaN,0,0,NaN,NaN,NaN,0
32.1126,-96.8447,NaN,NaN,NaN,NaN,0,0,NaN,NaN,NaN,0
32.1126,-96.8977,NaN,NaN,NaN,NaN,0,0,NaN,NaN,NaN,0
32.1126,-96.9507,NaN,NaN,NaN,NaN,0,0,NaN,NaN,NaN,0
32.1126,-97.0038,NaN,NaN,NaN,NaN,0,0,NaN,NaN,NaN,0
32.1126,-97.0568,NaN,NaN,NaN,NaN,0,0,NaN,NaN,NaN,0
32.1126,-97.1098,NaN,NaN,NaN,NaN,0,0,NaN,NaN,NaN,0
32.1126,-97.1629,NaN,NaN,NaN,NaN,0,0,NaN,0,0,0
32.1126,-97.2159,NaN,NaN,NaN,NaN,0,0,NaN,0,0,0
32.1126,-97.2689,NaN,NaN,NaN,NaN,1914.333,0,NaN,NaN,NaN,4
32.1126,-97.3219,NaN,NaN,NaN,NaN,0,0,NaN,NaN,NaN,6
32.1126,-97.375,NaN,NaN,NaN,NaN,0,0,NaN,NaN,NaN,2
32.1126,-97.428,NaN,NaN,NaN,NaN,0,0,NaN,NaN,NaN,0
32.1126,-97.481,NaN,NaN,NaN,NaN,0,0,NaN,NaN,NaN,0
32.1126,-97.5341,NaN,NaN,NaN,NaN,0,0,NaN,NaN,NaN,0
32.1126,-97.5871,NaN,NaN,NaN,NaN,0,0,NaN,NaN,NaN,0
32.1126,-97.6401,NaN,NaN,NaN,NaN,0,0,NaN,NaN,NaN,0
32.1126,-97.6931,NaN,NaN,NaN,NaN,0,0,NaN,NaN,NaN,4
32.1126,-97.7462,NaN,NaN,NaN,NaN,0,0,NaN,NaN,NaN,4
32.1126,-97.7992,NaN,NaN,NaN,NaN,0,0,NaN,NaN,NaN,0
32.1126,-97.8522,NaN,NaN,NaN,NaN,0,0,NaN,NaN,NaN,0
32.1126,-97.9052,NaN,NaN,NaN,NaN,0,0,NaN,NaN,NaN,0
32.1126,-97.9583,NaN,NaN,NaN,NaN,0,0,NaN,NaN,NaN,0
32.1126,-98.0113,NaN,NaN,NaN,NaN,0,0,NaN,NaN,NaN,0
32.1126,-98.0643,NaN,NaN,NaN,NaN,0,0,NaN,NaN,NaN,0
32.1126,-98.1174,NaN,NaN,NaN,NaN,0,0,NaN,NaN,NaN,0
32.1126,-98.1704,NaN,NaN,NaN,NaN,0,0,NaN,NaN,NaN,0
32.1126,-98.2234,NaN,NaN,NaN,NaN,0,0,NaN,NaN,NaN,0
32.1126,-98.2764,NaN,NaN,NaN,NaN,0,0,NaN,NaN,NaN,0
32.1126,-98.3295,NaN,NaN,NaN,NaN,0,0,NaN,NaN,NaN,0
32.1126,-98.3825,NaN,NaN,NaN,NaN,0,0,NaN,NaN,NaN,0
32.1126,-98.4355,NaN,NaN,NaN,NaN,0,0,NaN,NaN,NaN,0
32.1126,-98.4886,NaN,NaN,NaN,NaN,0,0,NaN,NaN,NaN,0
32.1577,-96.5265,NaN,NaN,NaN,NaN,0,0,NaN,NaN,NaN,0
32.1577,-96.5796,NaN,NaN,NaN,NaN,0,0,NaN,NaN,NaN,0
32.1577,-96.6326,NaN,NaN,NaN,NaN,0,0,NaN,NaN,NaN,0
32.1577,-96.6857,NaN,NaN,NaN,NaN,0,0,NaN,NaN,NaN,0
32.1577,-96.7387,NaN,NaN,NaN,NaN,0,0,NaN,NaN,NaN,0
32.1577,-96.7918,NaN,NaN,NaN,NaN,0,0,NaN,NaN,NaN,0
32.1577,-96.8449,NaN,NaN,NaN,NaN,0,0,NaN,NaN,NaN,0
32.1577,-96.8979,NaN,NaN,NaN,NaN,0,0,NaN,NaN,NaN,0
32.1577,-96.951,NaN,NaN,NaN,NaN,0,0,NaN,NaN,NaN,0
32.1577,-97.004,NaN,NaN,NaN,NaN,0,0,NaN,NaN,NaN,0
32.1577,-97.0571,NaN,NaN,NaN,NaN,0,0,NaN,NaN,NaN,0
32.1577,-97.1101,NaN,NaN,NaN,NaN,0,0,NaN,NaN,NaN,0
32.1577,-97.1632,NaN,NaN,NaN,NaN,0,0,NaN,0,0,0
32.1577,-97.2162,NaN,NaN,NaN,NaN,0,1,2.5,0,0,0
32.1577,-97.2693,NaN,NaN,NaN,NaN,0,0,NaN,NaN,NaN,4
32.1577,-97.3223,NaN,NaN,NaN,NaN,0,0,NaN,NaN,NaN,4
32.1577,-97.3754,NaN,NaN,NaN,NaN,0,0,NaN,NaN,NaN,0
32.1577,-97.4285,NaN,NaN,NaN,NaN,0,0,NaN,NaN,NaN,0
32.1577,-97.4815,NaN,NaN,NaN,NaN,0,0,NaN,NaN,NaN,0
32.1577,-97.5346,NaN,NaN,NaN,NaN,0,0,NaN,NaN,NaN,0
32.1577,-97.5876,NaN,NaN,NaN,NaN,0,0,NaN,NaN,NaN,0
32.1577,-97.6407,NaN,NaN,NaN,NaN,0,0,NaN,NaN,NaN,0
32.1577,-97.6937,NaN,NaN,NaN,NaN,0,0,NaN,NaN,NaN,0
32.1577,-97.7468,NaN,NaN,NaN,NaN,0,0,NaN,NaN,NaN,0
32.1577,-97.7998,NaN,NaN,NaN,NaN,0,0,NaN,NaN,NaN,0
32.1577,-97.8529,NaN,NaN,NaN,NaN,0,0,NaN,NaN,NaN,0
32.1577,-97.9059,NaN,NaN,NaN,NaN,0,0,NaN,NaN,NaN,0
32.1577,-97.959,NaN,NaN,NaN,NaN,0,0,NaN,NaN,NaN,0
32.1577,-98.0121,NaN,NaN,NaN,NaN,0,0,NaN,NaN,NaN,0
32.1577,-98.0651,NaN,NaN,NaN,NaN,0,0,NaN,NaN,NaN,0
32.1577,-98.1182,NaN,NaN,NaN,NaN,0,0,NaN,NaN,NaN,0
32.1577,-98.1712,NaN,NaN,NaN,NaN,0,0,NaN,NaN,NaN,0
32.1577,-98.2243,NaN,NaN,NaN,NaN,0,0,NaN,NaN,NaN,0
32.1577,-98.2773,NaN,NaN,NaN,NaN,0,0,NaN,NaN,NaN,0
32.1577,-98.3304,NaN,NaN,NaN,NaN,0,0,NaN,NaN,NaN,0
32.1577,-98.3834,NaN,NaN,NaN,NaN,0,0,NaN,NaN,NaN,0
32.1577,-98.4365,NaN,NaN,NaN,NaN,0,0,NaN,NaN,NaN,0
32.1577,-98.4895,NaN,NaN,NaN,NaN,0,0,NaN,NaN,NaN,0
32.2027,-96.5265,NaN,NaN,NaN,NaN,0,0,NaN,NaN,NaN,0
32.2027,-96.5796,NaN,NaN,NaN,NaN,0,0,NaN,NaN,NaN,0
32.2027,-96.6327,NaN,NaN,NaN,NaN,0,0,NaN,NaN,NaN,0
32.2027,-96.6858,NaN,NaN,NaN,NaN,0,0,NaN,NaN,NaN,0
32.2027,-96.7389,NaN,NaN,NaN,NaN,0,0,NaN,NaN,NaN,0
32.2027,-96.7919,NaN,NaN,NaN,NaN,0,0,NaN,NaN,NaN,0
32.2027,-96.845,NaN,NaN,NaN,NaN,0,0,NaN,NaN,NaN,0
32.2027,-96.8981,NaN,NaN,NaN,NaN,0,0,NaN,NaN,NaN,0
32.2027,-96.9512,NaN,NaN,NaN,NaN,0,0,NaN,NaN,NaN,0
32.2027,-97.0043,NaN,NaN,NaN,NaN,0,0,NaN,NaN,NaN,0
32.2027,-97.0573,NaN,NaN,NaN,NaN,0,0,NaN,NaN,NaN,0
32.2027,-97.1104,NaN,NaN,NaN,NaN,0,0,NaN,NaN,NaN,0
32.2027,-97.1635,NaN,NaN,NaN,NaN,0,0,NaN,NaN,NaN,0
32.2027,-97.2166,NaN,NaN,NaN,NaN,0,0,NaN,NaN,NaN,0
32.2027,-97.2697,NaN,NaN,NaN,NaN,0,0,NaN,NaN,NaN,0
32.2027,-97.3228,NaN,NaN,NaN,NaN,0,0,NaN,NaN,NaN,0
32.2027,-97.3758,NaN,NaN,NaN,NaN,0,0,NaN,NaN,NaN,0
32.2027,-97.4289,NaN,NaN,NaN,NaN,0,0,NaN,NaN,NaN,0
32.2027,-97.482,NaN,NaN,NaN,NaN,0,0,NaN,NaN,NaN,20
32.2027,-97.5351,NaN,NaN,NaN,NaN,946328.6105,0,NaN,NaN,NaN,53
32.2027,-97.5882,NaN,NaN,NaN,NaN,0,0,NaN,NaN,NaN,33
32.2027,-97.6412,NaN,NaN,NaN,NaN,0,0,NaN,NaN,NaN,0
32.2027,-97.6943,NaN,NaN,NaN,NaN,76759.9877,0,NaN,NaN,NaN,12
32.2027,-97.7474,NaN,NaN,NaN,NaN,0,0,NaN,NaN,NaN,12
32.2027,-97.8005,NaN,NaN,NaN,NaN,0,0,NaN,NaN,NaN,0
32.2027,-97.8536,NaN,NaN,NaN,NaN,0,0,NaN,NaN,NaN,0
32.2027,-97.9066,NaN,NaN,NaN,NaN,0,0,NaN,NaN,NaN,0
32.2027,-97.9597,NaN,NaN,NaN,NaN,0,0,NaN,NaN,NaN,0
32.2027,-98.0128,NaN,NaN,NaN,NaN,0,0,NaN,NaN,NaN,0
32.2027,-98.0659,NaN,NaN,NaN,NaN,0,0,NaN,NaN,NaN,0
32.2027,-98.119,NaN,NaN,NaN,NaN,0,0,NaN,NaN,NaN,0
32.2027,-98.172,NaN,NaN,NaN,NaN,0,0,NaN,NaN,NaN,0
32.2027,-98.2251,NaN,NaN,NaN,NaN,0,0,NaN,NaN,NaN,0
32.2027,-98.2782,NaN,NaN,NaN,NaN,0,0,NaN,NaN,NaN,0
32.2027,-98.3313,NaN,NaN,NaN,NaN,0,0,NaN,NaN,NaN,0
32.2027,-98.3844,NaN,NaN,NaN,NaN,0,0,NaN,NaN,NaN,0
32.2027,-98.4374,NaN,NaN,NaN,NaN,0,0,NaN,NaN,NaN,0
32.2027,-98.4905,NaN,NaN,NaN,NaN,0,0,NaN,NaN,NaN,0
32.2477,-96.5266,NaN,NaN,NaN,NaN,0,0,NaN,NaN,NaN,0
32.2477,-96.5797,NaN,NaN,NaN,NaN,0,0,NaN,NaN,NaN,0
32.2477,-96.6328,NaN,NaN,NaN,NaN,0,0,NaN,NaN,NaN,0
32.2477,-96.6859,NaN,NaN,NaN,NaN,0,0,NaN,NaN,NaN,0
32.2477,-96.739,NaN,NaN,NaN,NaN,0,0,NaN,NaN,NaN,0
32.2477,-96.7921,NaN,NaN,NaN,NaN,0,0,NaN,NaN,NaN,0
32.2477,-96.8452,NaN,NaN,NaN,NaN,0,0,NaN,NaN,NaN,0
32.2477,-96.8983,NaN,NaN,NaN,NaN,0,0,NaN,NaN,NaN,0
32.2477,-96.9514,NaN,NaN,NaN,NaN,0,0,NaN,NaN,NaN,0
32.2477,-97.0045,NaN,NaN,NaN,NaN,0,0,NaN,NaN,NaN,0
32.2477,-97.0576,NaN,NaN,NaN,NaN,0,0,NaN,NaN,NaN,0
32.2477,-97.1107,NaN,NaN,NaN,NaN,0,0,NaN,0,0,0
32.2477,-97.1638,NaN,NaN,NaN,NaN,0,1,2.06,0,0,12
32.2477,-97.2169,0.999,NaN,NaN,NaN,123883.9802,1,2.41,0,0,12
32.2477,-97.2701,NaN,NaN,NaN,NaN,0,0,NaN,NaN,NaN,0
32.2477,-97.3232,NaN,NaN,NaN,NaN,0,0,NaN,0,0,0
32.2477,-97.3763,NaN,NaN,NaN,NaN,0,0,NaN,0,0,39
32.2477,-97.4294,NaN,NaN,NaN,NaN,0,0,NaN,NaN,NaN,39
32.2477,-97.4825,NaN,NaN,NaN,NaN,0,0,NaN,NaN,NaN,85
32.2477,-97.5356,NaN,NaN,NaN,NaN,0,0,NaN,NaN,NaN,138
32.2477,-97.5887,NaN,NaN,NaN,NaN,160645.9743,0,NaN,NaN,NaN,57
32.2477,-97.6418,NaN,NaN,NaN,NaN,0,0,NaN,NaN,NaN,4
32.2477,-97.6949,NaN,NaN,NaN,NaN,148771.9762,0,NaN,NaN,NaN,12
32.2477,-97.748,NaN,NaN,NaN,NaN,0,0,NaN,NaN,NaN,12
32.2477,-97.8011,NaN,NaN,NaN,NaN,0,0,NaN,NaN,NaN,0
32.2477,-97.8542,NaN,NaN,NaN,NaN,0,0,NaN,NaN,NaN,5
32.2477,-97.9073,NaN,NaN,NaN,NaN,93874.985,0,NaN,NaN,NaN,5
32.2477,-97.9604,NaN,NaN,NaN,NaN,0,0,NaN,NaN,NaN,0
32.2477,-98.0135,NaN,NaN,NaN,NaN,0,0,NaN,NaN,NaN,0
32.2477,-98.0667,NaN,NaN,NaN,NaN,0,0,NaN,NaN,NaN,0
32.2477,-98.1198,NaN,NaN,NaN,NaN,0,0,NaN,NaN,NaN,0
32.2477,-98.1729,NaN,NaN,NaN,NaN,0,0,NaN,NaN,NaN,0
32.2477,-98.226,NaN,NaN,NaN,NaN,0,0,NaN,NaN,NaN,0
32.2477,-98.2791,NaN,NaN,NaN,NaN,0,0,NaN,NaN,NaN,0
32.2477,-98.3322,NaN,NaN,NaN,NaN,0,0,NaN,NaN,NaN,0
32.2477,-98.3853,NaN,NaN,NaN,NaN,0,0,NaN,NaN,NaN,4
32.2477,-98.4384,NaN,NaN,NaN,NaN,959.9998,0,NaN,NaN,NaN,4
32.2477,-98.4915,NaN,NaN,NaN,NaN,0,0,NaN,NaN,NaN,0
32.2928,-96.5266,NaN,NaN,NaN,NaN,0,0,NaN,NaN,NaN,0
32.2928,-96.5797,NaN,NaN,NaN,NaN,0,0,NaN,NaN,NaN,0
32.2928,-96.6328,NaN,NaN,NaN,NaN,0,0,NaN,NaN,NaN,0
32.2928,-96.686,NaN,NaN,NaN,NaN,0,0,NaN,NaN,NaN,0
32.2928,-96.7391,NaN,NaN,NaN,NaN,0,0,NaN,NaN,NaN,0
32.2928,-96.7922,NaN,NaN,NaN,NaN,0,0,NaN,NaN,NaN,0
32.2928,-96.8454,NaN,NaN,NaN,NaN,0,0,NaN,NaN,NaN,0
32.2928,-96.8985,NaN,NaN,NaN,NaN,0,0,NaN,NaN,NaN,0
32.2928,-96.9516,NaN,NaN,NaN,NaN,0,0,NaN,NaN,NaN,0
32.2928,-97.0048,NaN,NaN,NaN,NaN,0,0,NaN,NaN,NaN,0
32.2928,-97.0579,NaN,NaN,NaN,NaN,0,0,NaN,NaN,NaN,0
32.2928,-97.111,NaN,NaN,NaN,NaN,0,0,NaN,0,0,0
32.2928,-97.1642,NaN,NaN,NaN,NaN,0,0,NaN,0,0,14
32.2928,-97.2173,NaN,NaN,NaN,NaN,200382.0156,0,NaN,0,0,29
32.2928,-97.2704,NaN,-2.8,8,8,68810.0366,0,NaN,NaN,NaN,15
32.2928,-97.3236,0.020202,-2.9,9,9,138701.7635,1,2.28,0,0,13
32.2928,-97.3767,0.13043,-2.9,9,9,391884.9373,2,2.5,0,0,172
32.2928,-97.4298,0.999,NaN,NaN,NaN,250674.9599,1,2.08,0,0,177
32.2928,-97.483,0.999,NaN,NaN,NaN,856000.6964,7,2.4,0,0,140
32.2928,-97.5361,NaN,NaN,NaN,NaN,970988.4637,0,NaN,0,0,173
32.2928,-97.5892,NaN,NaN,NaN,NaN,183669.9706,0,NaN,NaN,NaN,55
32.2928,-97.6424,NaN,NaN,NaN,NaN,0,0,NaN,NaN,NaN,4
32.2928,-97.6955,NaN,NaN,NaN,NaN,0,0,NaN,NaN,NaN,0
32.2928,-97.7486,NaN,NaN,NaN,NaN,0,0,NaN,NaN,NaN,0
32.2928,-97.8018,NaN,NaN,NaN,NaN,0,0,NaN,NaN,NaN,0
32.2928,-97.8549,NaN,NaN,NaN,NaN,0,0,NaN,NaN,NaN,5
32.2928,-97.908,NaN,NaN,NaN,NaN,0,0,NaN,NaN,NaN,5
32.2928,-97.9612,NaN,NaN,NaN,NaN,0,0,NaN,NaN,NaN,0
32.2928,-98.0143,NaN,NaN,NaN,NaN,0,0,NaN,NaN,NaN,0
32.2928,-98.0674,NaN,NaN,NaN,NaN,0,0,NaN,NaN,NaN,0
32.2928,-98.1206,NaN,NaN,NaN,NaN,0,0,NaN,NaN,NaN,0
32.2928,-98.1737,NaN,NaN,NaN,NaN,0,0,NaN,NaN,NaN,0
32.2928,-98.2268,NaN,NaN,NaN,NaN,0,0,NaN,NaN,NaN,0
32.2928,-98.28,NaN,NaN,NaN,NaN,0,0,NaN,NaN,NaN,0
32.2928,-98.3331,NaN,NaN,NaN,NaN,0,0,NaN,NaN,NaN,0
32.2928,-98.3862,NaN,NaN,NaN,NaN,0,0,NaN,NaN,NaN,4
32.2928,-98.4394,NaN,NaN,NaN,NaN,0,0,NaN,NaN,NaN,4
32.2928,-98.4925,NaN,NaN,NaN,NaN,0,0,NaN,NaN,NaN,0
32.3378,-96.5266,NaN,NaN,NaN,NaN,0,0,NaN,NaN,NaN,0
32.3378,-96.5797,NaN,NaN,NaN,NaN,0,0,NaN,NaN,NaN,0
32.3378,-96.6329,NaN,NaN,NaN,NaN,0,0,NaN,NaN,NaN,0
32.3378,-96.6861,NaN,NaN,NaN,NaN,0,0,NaN,NaN,NaN,0
32.3378,-96.7392,NaN,NaN,NaN,NaN,0,0,NaN,NaN,NaN,0
32.3378,-96.7924,NaN,NaN,NaN,NaN,0,0,NaN,NaN,NaN,0
32.3378,-96.8455,NaN,NaN,NaN,NaN,0,0,NaN,NaN,NaN,0
32.3378,-96.8987,NaN,NaN,NaN,NaN,0,0,NaN,NaN,NaN,0
32.3378,-96.9519,NaN,NaN,NaN,NaN,0,0,NaN,NaN,NaN,0
32.3378,-97.005,NaN,NaN,NaN,NaN,0,0,NaN,NaN,NaN,0
32.3378,-97.0582,NaN,NaN,NaN,NaN,0,0,NaN,NaN,NaN,0
32.3378,-97.1113,NaN,NaN,NaN,NaN,0,0,NaN,NaN,NaN,0
32.3378,-97.1645,NaN,NaN,NaN,NaN,32991.9947,0,NaN,NaN,NaN,26
32.3378,-97.2177,0.999,NaN,NaN,NaN,167279.5685,1,2.5,0,0,50
32.3378,-97.2708,NaN,NaN,NaN,NaN,0,0,NaN,0,0,24
32.3378,-97.324,0.999,-2.9,9,9,166438.021,1,2.3,0,0,66
32.3378,-97.3771,0.999,-3.6,9,9,894256.8569,2,2.48,0,0,412
32.3378,-97.4303,0.999,NaN,NaN,NaN,1766795.8364,1,2.08,0,0,407
32.3378,-97.4835,NaN,NaN,NaN,NaN,412906.9339,0,NaN,0,0,133
32.3378,-97.5366,0.999,NaN,NaN,NaN,103203.9835,2,2.51,0,0,103
32.3378,-97.5898,NaN,NaN,NaN,NaN,0,1,2.36,0,0,31
32.3378,-97.6429,NaN,NaN,NaN,NaN,0,0,NaN,NaN,NaN,12
32.3378,-97.6961,NaN,NaN,NaN,NaN,117643.9812,0,NaN,NaN,NaN,12
32.3378,-97.7493,NaN,NaN,NaN,NaN,0,1,2,0,0,0
32.3378,-97.8024,NaN,NaN,NaN,NaN,0,0,NaN,0,0,0
32.3378,-97.8556,NaN,NaN,NaN,NaN,0,0,NaN,NaN,NaN,0
32.3378,-97.9087,NaN,NaN,NaN,NaN,0,0,NaN,NaN,NaN,0
32.3378,-97.9619,NaN,NaN,NaN,NaN,0,0,NaN,NaN,NaN,0
32.3378,-98.0151,NaN,NaN,NaN,NaN,0,0,NaN,NaN,NaN,0
32.3378,-98.0682,NaN,NaN,NaN,NaN,0,0,NaN,NaN,NaN,0
32.3378,-98.1214,NaN,NaN,NaN,NaN,0,0,NaN,NaN,NaN,0
32.3378,-98.1745,NaN,NaN,NaN,NaN,0,0,NaN,NaN,NaN,0
32.3378,-98.2277,NaN,NaN,NaN,NaN,0,0,NaN,NaN,NaN,0
32.3378,-98.2809,NaN,NaN,NaN,NaN,0,0,NaN,NaN,NaN,0
32.3378,-98.334,NaN,NaN,NaN,NaN,12850.9979,0,NaN,NaN,NaN,12
32.3378,-98.3872,NaN,NaN,NaN,NaN,6290.999,0,NaN,NaN,NaN,12
32.3378,-98.4403,NaN,NaN,NaN,NaN,0,0,NaN,NaN,NaN,0
32.3378,-98.4935,NaN,NaN,NaN,NaN,0,0,NaN,NaN,NaN,0
32.3829,-96.5266,NaN,NaN,NaN,NaN,0,0,NaN,NaN,NaN,0
32.3829,-96.5798,NaN,NaN,NaN,NaN,0,0,NaN,NaN,NaN,0
32.3829,-96.633,NaN,NaN,NaN,NaN,0,0,NaN,NaN,NaN,0
32.3829,-96.6862,NaN,NaN,NaN,NaN,0,0,NaN,NaN,NaN,0
32.3829,-96.7393,NaN,NaN,NaN,NaN,0,0,NaN,NaN,NaN,0
32.3829,-96.7925,NaN,NaN,NaN,NaN,0,0,NaN,NaN,NaN,0
32.3829,-96.8457,NaN,NaN,NaN,NaN,0,0,NaN,NaN,NaN,0
32.3829,-96.8989,NaN,NaN,NaN,NaN,0,0,NaN,NaN,NaN,0
32.3829,-96.9521,NaN,NaN,NaN,NaN,0,0,NaN,0,0,0
32.3829,-97.0053,NaN,NaN,NaN,NaN,0,0,NaN,0,0,0
32.3829,-97.0585,NaN,NaN,NaN,NaN,10140.9984,0,NaN,0,0,4
32.3829,-97.1116,NaN,NaN,NaN,NaN,0,0,NaN,0,0,32
32.3829,-97.1648,NaN,NaN,NaN,NaN,202465.9676,0,NaN,NaN,NaN,253
32.3829,-97.218,NaN,NaN,NaN,NaN,487038.5649,0,NaN,0,0,243
32.3829,-97.2712,0.999,NaN,NaN,NaN,91520.9854,1,2.1,0,0,72
32.3829,-97.3244,0.999,-3.8,0,0,393664.937,1,2.3,0,0,188
32.3829,-97.3776,0.999,-3.8,0,0,1557939.2031,1,2.2,0,0,402
32.3829,-97.4308,NaN,-3.7,0,0,835499.0092,0,NaN,0,0,381
32.3829,-97.4839,0.999,NaN,NaN,NaN,648669.0867,1,3.3,0,0,152
32.3829,-97.5371,NaN,NaN,NaN,NaN,538830.9138,0,NaN,0,0,54
32.3829,-97.5903,NaN,NaN,NaN,NaN,0,0,NaN,0,0,61
32.3829,-97.6435,NaN,NaN,NaN,NaN,0,0,NaN,NaN,NaN,58
32.3829,-97.6967,NaN,NaN,NaN,NaN,0,0,NaN,NaN,NaN,12
32.3829,-97.7499,NaN,NaN,NaN,NaN,0,0,NaN,0,0,0
32.3829,-97.8031,NaN,NaN,NaN,NaN,0,0,NaN,0,0,25
32.3829,-97.8562,NaN,NaN,NaN,NaN,165130.3545,0,NaN,NaN,NaN,25
32.3829,-97.9094,NaN,NaN,NaN,NaN,0,0,NaN,NaN,NaN,0
32.3829,-97.9626,NaN,NaN,NaN,NaN,0,0,NaN,NaN,NaN,0
32.3829,-98.0158,NaN,NaN,NaN,NaN,0,0,NaN,NaN,NaN,0
32.3829,-98.069,NaN,NaN,NaN,NaN,0,0,NaN,NaN,NaN,0
32.3829,-98.1222,NaN,NaN,NaN,NaN,0,0,NaN,NaN,NaN,0
32.3829,-98.1754,NaN,NaN,NaN,NaN,0,0,NaN,NaN,NaN,0
32.3829,-98.2286,NaN,NaN,NaN,NaN,0,0,NaN,NaN,NaN,0
32.3829,-98.2817,NaN,NaN,NaN,NaN,0,0,NaN,NaN,NaN,0
32.3829,-98.3349,NaN,NaN,NaN,NaN,0,0,NaN,NaN,NaN,12
32.3829,-98.3881,NaN,NaN,NaN,NaN,0,0,NaN,NaN,NaN,12
32.3829,-98.4413,NaN,NaN,NaN,NaN,8375.9987,0,NaN,NaN,NaN,4
32.3829,-98.4945,NaN,NaN,NaN,NaN,0,0,NaN,NaN,NaN,4
32.4279,-96.5266,NaN,NaN,NaN,NaN,0,0,NaN,NaN,NaN,0
32.4279,-96.5798,NaN,NaN,NaN,NaN,0,0,NaN,NaN,NaN,0
32.4279,-96.633,NaN,NaN,NaN,NaN,0,0,NaN,NaN,NaN,0
32.4279,-96.6862,NaN,NaN,NaN,NaN,0,0,NaN,NaN,NaN,0
32.4279,-96.7395,NaN,NaN,NaN,NaN,0,0,NaN,NaN,NaN,0
32.4279,-96.7927,NaN,NaN,NaN,NaN,0,0,NaN,NaN,NaN,0
32.4279,-96.8459,NaN,NaN,NaN,NaN,0,0,NaN,0,0,0
32.4279,-96.8991,NaN,NaN,NaN,NaN,0,0,NaN,0,0,0
32.4279,-96.9523,NaN,NaN,NaN,NaN,0,0,NaN,0,0,0
32.4279,-97.0055,NaN,NaN,NaN,NaN,0,1,2.58,0,0,0
32.4279,-97.0587,NaN,NaN,NaN,NaN,0,0,NaN,0,0,23
32.4279,-97.1119,0.999,-3.4,0,0,85403.9387,1,2.7,0,0,79
32.4279,-97.1652,NaN,-3.4,0,0,2175372.7948,0,NaN,0,0,328
32.4279,-97.2184,0.999,-4,0,0,1527772.3984,1,2.1,0,0,318
32.4279,-97.2716,0.15306,-3.9,11,11,1173450.8122,3,2.8,0,0,179
32.4279,-97.3248,NaN,-3.8,11,11,2027713.9137,0,NaN,0,0,219
32.4279,-97.378,0.999,-3.8,0,0,74097.9881,1,2,0,0,218
32.4279,-97.4312,NaN,-3.7,0,0,701686.4592,0,NaN,0,0,261
32.4279,-97.4844,NaN,NaN,NaN,NaN,355241.9432,0,NaN,NaN,NaN,179
32.4279,-97.5376,NaN,NaN,NaN,NaN,109232.9825,0,NaN,NaN,NaN,87
32.4279,-97.5909,NaN,NaN,NaN,NaN,346644.3969,0,NaN,NaN,NaN,185
32.4279,-97.6441,NaN,NaN,NaN,NaN,171996.0439,0,NaN,NaN,NaN,158
32.4279,-97.6973,NaN,NaN,NaN,NaN,0,0,NaN,NaN,NaN,73
32.4279,-97.7505,NaN,NaN,NaN,NaN,642771.8972,0,NaN,NaN,NaN,63
32.4279,-97.8037,NaN,NaN,NaN,NaN,0,0,NaN,NaN,NaN,40
32.4279,-97.8569,NaN,NaN,NaN,NaN,0,0,NaN,NaN,NaN,40
32.4279,-97.9101,NaN,NaN,NaN,NaN,0,0,NaN,NaN,NaN,0
32.4279,-97.9634,NaN,NaN,NaN,NaN,0,0,NaN,NaN,NaN,0
32.4279,-98.0166,NaN,NaN,NaN,NaN,0,0,NaN,NaN,NaN,0
32.4279,-98.0698,NaN,NaN,NaN,NaN,0,0,NaN,NaN,NaN,0
32.4279,-98.123,NaN,NaN,NaN,NaN,0,0,NaN,NaN,NaN,0
32.4279,-98.1762,NaN,NaN,NaN,NaN,0,0,NaN,NaN,NaN,0
32.4279,-98.2294,NaN,NaN,NaN,NaN,0,0,NaN,NaN,NaN,0
32.4279,-98.2826,NaN,NaN,NaN,NaN,0,0,NaN,NaN,NaN,2
32.4279,-98.3358,NaN,NaN,NaN,NaN,0,0,NaN,NaN,NaN,2
32.4279,-98.3891,NaN,NaN,NaN,NaN,0,0,NaN,NaN,NaN,0
32.4279,-98.4423,NaN,NaN,NaN,NaN,3815.9994,0,NaN,NaN,NaN,4
32.4279,-98.4955,NaN,NaN,NaN,NaN,0,0,NaN,NaN,NaN,4
32.473,-96.5266,NaN,NaN,NaN,NaN,0,0,NaN,NaN,NaN,0
32.473,-96.5799,NaN,NaN,NaN,NaN,0,0,NaN,NaN,NaN,0
32.473,-96.6331,NaN,NaN,NaN,NaN,0,0,NaN,NaN,NaN,0
32.473,-96.6863,NaN,NaN,NaN,NaN,0,0,NaN,NaN,NaN,0
32.473,-96.7396,NaN,NaN,NaN,NaN,0,0,NaN,NaN,NaN,0
32.473,-96.7928,NaN,NaN,NaN,NaN,0,0,NaN,NaN,NaN,0
32.473,-96.8461,NaN,NaN,NaN,NaN,0,2,2.7,0,0,0
32.473,-96.8993,NaN,NaN,NaN,NaN,0,2,2.5,0,0,0
32.473,-96.9525,NaN,NaN,NaN,NaN,0,0,NaN,0,0,0
32.473,-97.0058,NaN,NaN,NaN,NaN,0,0,NaN,NaN,NaN,0
32.473,-97.059,NaN,NaN,NaN,NaN,0,0,NaN,0,0,30
32.473,-97.1123,0.999,-3.5,0,0,760026.8784,3,2.6,0,0,93
32.473,-97.1655,0.40217,-3.5,0,0,480598.9231,23,3.96,0.029412,0.027544,182
32.473,-97.2187,NaN,-3.7,0,0,1676567.0651,0,NaN,0.14286,0.1297,264
32.473,-97.272,0.999,-3.9,11,11,124544.9801,3,3.5,0,0,260
32.473,-97.3252,NaN,-3.8,11,11,752321.2844,0,NaN,0,0,269
32.473,-97.3785,0.999,NaN,NaN,NaN,1602781.1483,1,2.4,0,0,340
32.473,-97.4317,NaN,NaN,NaN,NaN,1184666.1438,0,NaN,0,0,307
32.473,-97.4849,NaN,NaN,NaN,NaN,456965.0459,0,NaN,0,0,147
32.473,-97.5382,NaN,NaN,NaN,NaN,310677.9503,0,NaN,0,0,95
32.473,-97.5914,NaN,NaN,NaN,NaN,1367642.7336,0,NaN,NaN,NaN,310
32.473,-97.6446,NaN,NaN,NaN,NaN,88575.1763,0,NaN,NaN,NaN,340
32.473,-97.6979,NaN,NaN,NaN,NaN,748740.8802,0,NaN,NaN,NaN,246
32.473,-97.7511,NaN,NaN,NaN,NaN,540533.9135,0,NaN,NaN,NaN,154
32.473,-97.8044,NaN,NaN,NaN,NaN,192373.9692,0,NaN,NaN,NaN,22
32.473,-97.8576,NaN,NaN,NaN,NaN,0,0,NaN,NaN,NaN,15
32.473,-97.9108,NaN,NaN,NaN,NaN,0,0,NaN,NaN,NaN,0
32.473,-97.9641,NaN,NaN,NaN,NaN,0,0,NaN,NaN,NaN,0
32.473,-98.0173,NaN,NaN,NaN,NaN,0,0,NaN,NaN,NaN,0
32.473,-98.0706,NaN,NaN,NaN,NaN,0,0,NaN,NaN,NaN,0
32.473,-98.1238,NaN,NaN,NaN,NaN,0,0,NaN,NaN,NaN,0
32.473,-98.177,NaN,NaN,NaN,NaN,0,0,NaN,NaN,NaN,0
32.473,-98.2303,NaN,NaN,NaN,NaN,0,0,NaN,NaN,NaN,0
32.473,-98.2835,NaN,NaN,NaN,NaN,0,0,NaN,NaN,NaN,2
32.473,-98.3368,NaN,NaN,NaN,NaN,4343.9993,0,NaN,NaN,NaN,2
32.473,-98.39,NaN,NaN,NaN,NaN,0,0,NaN,NaN,NaN,0
32.473,-98.4432,NaN,NaN,NaN,NaN,0,0,NaN,NaN,NaN,0
32.473,-98.4965,NaN,NaN,NaN,NaN,0,0,NaN,NaN,NaN,0
32.518,-96.5266,NaN,NaN,NaN,NaN,0,0,NaN,NaN,NaN,0
32.518,-96.5799,NaN,NaN,NaN,NaN,0,0,NaN,NaN,NaN,0
32.518,-96.6332,NaN,NaN,NaN,NaN,0,0,NaN,NaN,NaN,0
32.518,-96.6864,NaN,NaN,NaN,NaN,0,0,NaN,NaN,NaN,0
32.518,-96.7397,NaN,NaN,NaN,NaN,0,0,NaN,NaN,NaN,0
32.518,-96.793,NaN,NaN,NaN,NaN,0,0,NaN,NaN,NaN,0
32.518,-96.8462,NaN,NaN,NaN,NaN,0,0,NaN,0,0,0
32.518,-96.8995,NaN,NaN,NaN,NaN,0,2,2.6,0,0,0
32.518,-96.9528,NaN,NaN,NaN,NaN,0,0,NaN,0,0,0
32.518,-97.006,NaN,NaN,NaN,NaN,0,0,NaN,0,0,21
32.518,-97.0593,NaN,-3.6,4,4,98829.9842,0,NaN,0,0,32
32.518,-97.1126,0.999,-3.5,0,0,107204.9828,6,2.7,0,0,86
32.518,-97.1658,0.999,-3.5,0,0,677397.9154,6,3.18,0.029412,0.027595,177
32.518,-97.2191,NaN,-3.7,0,0,386192.462,0,NaN,0.16667,0.15126,265
32.518,-97.2724,NaN,-3.6,8,8,1532067.7549,0,NaN,0,0,489
32.518,-97.3256,0.999,NaN,NaN,NaN,2425754.969,1,2.7,0,0,578
32.518,-97.3789,NaN,NaN,NaN,NaN,335280.1368,0,NaN,NaN,NaN,416
32.518,-97.4322,NaN,NaN,NaN,NaN,647730.6583,0,NaN,NaN,NaN,269
32.518,-97.4854,0.999,NaN,NaN,NaN,202644.9676,1,2.7,0,0,105
32.518,-97.5387,NaN,NaN,NaN,NaN,0,0,NaN,0,0,77
32.518,-97.592,NaN,NaN,NaN,NaN,565306.8619,0,NaN,NaN,NaN,233
32.518,-97.6452,NaN,NaN,NaN,NaN,1035366.6201,0,NaN,NaN,NaN,332
32.518,-97.6985,NaN,NaN,NaN,NaN,1429915.0093,0,NaN,NaN,NaN,260
32.518,-97.7518,NaN,NaN,NaN,NaN,0,0,NaN,NaN,NaN,103
32.518,-97.805,NaN,NaN,NaN,NaN,189331.9697,0,NaN,NaN,NaN,19
32.518,-97.8583,NaN,NaN,NaN,NaN,0,0,NaN,NaN,NaN,0
32.518,-97.9116,NaN,NaN,NaN,NaN,0,0,NaN,NaN,NaN,0
32.518,-97.9648,NaN,NaN,NaN,NaN,0,0,NaN,NaN,NaN,0
32.518,-98.0181,NaN,NaN,NaN,NaN,0,0,NaN,NaN,NaN,0
32.518,-98.0713,NaN,NaN,NaN,NaN,0,0,NaN,NaN,NaN,0
32.518,-98.1246,NaN,NaN,NaN,NaN,0,0,NaN,NaN,NaN,0
32.518,-98.1779,NaN,NaN,NaN,NaN,0,0,NaN,NaN,NaN,0
32.518,-98.2311,NaN,NaN,NaN,NaN,0,0,NaN,NaN,NaN,0
32.518,-98.2844,NaN,NaN,NaN,NaN,0,0,NaN,NaN,NaN,0
32.518,-98.3377,NaN,NaN,NaN,NaN,0,0,NaN,NaN,NaN,0
32.518,-98.3909,NaN,NaN,NaN,NaN,6949.9989,0,NaN,NaN,NaN,4
32.518,-98.4442,NaN,NaN,NaN,NaN,0,0,NaN,NaN,NaN,4
32.518,-98.4975,NaN,NaN,NaN,NaN,0,0,NaN,NaN,NaN,0
32.5631,-96.5266,NaN,NaN,NaN,NaN,0,0,NaN,NaN,NaN,0
32.5631,-96.5799,NaN,NaN,NaN,NaN,0,0,NaN,NaN,NaN,0
32.5631,-96.6332,NaN,NaN,NaN,NaN,0,0,NaN,NaN,NaN,0
32.5631,-96.6865,NaN,NaN,NaN,NaN,0,0,NaN,NaN,NaN,0
32.5631,-96.7398,NaN,NaN,NaN,NaN,0,0,NaN,NaN,NaN,0
32.5631,-96.7931,NaN,NaN,NaN,NaN,0,0,NaN,NaN,NaN,0
32.5631,-96.8464,NaN,NaN,NaN,NaN,0,0,NaN,NaN,NaN,0
32.5631,-96.8997,NaN,NaN,NaN,NaN,0,0,NaN,0,0,0
32.5631,-96.953,NaN,NaN,NaN,NaN,0,0,NaN,0,0,0
32.5631,-97.0063,NaN,NaN,NaN,NaN,0,1,2.7,0,0,120
32.5631,-97.0596,NaN,-3.6,4,4,1915383.0983,0,NaN,0,0,361
32.5631,-97.1129,NaN,-3.6,4,4,321668.8057,0,NaN,0,0,484
32.5631,-97.1662,NaN,NaN,NaN,NaN,770650.8767,0,NaN,0,0,347
32.5631,-97.2195,0.999,NaN,NaN,NaN,640745.2546,1,2.5,0,0,191
32.5631,-97.2727,NaN,NaN,NaN,NaN,792407.4637,0,NaN,NaN,NaN,483
32.5631,-97.326,NaN,NaN,NaN,NaN,2956873.4364,0,NaN,NaN,NaN,776
32.5631,-97.3793,NaN,NaN,NaN,NaN,988133.4609,0,NaN,NaN,NaN,522
32.5631,-97.4326,NaN,NaN,NaN,NaN,658771.8708,0,NaN,NaN,NaN,340
32.5631,-97.4859,NaN,NaN,NaN,NaN,1193290.7615,0,NaN,NaN,NaN,259
32.5631,-97.5392,NaN,NaN,NaN,NaN,83700.9866,0,NaN,NaN,NaN,99
32.5631,-97.5925,NaN,NaN,NaN,NaN,659137.8945,0,NaN,NaN,NaN,308
32.5631,-97.6458,NaN,NaN,NaN,NaN,1092976.8727,0,NaN,NaN,NaN,365
32.5631,-97.6991,NaN,NaN,NaN,NaN,571629.8133,0,NaN,NaN,NaN,133
32.5631,-97.7524,NaN,NaN,NaN,NaN,0,0,NaN,NaN,NaN,50
32.5631,-97.8057,NaN,NaN,NaN,NaN,0,0,NaN,NaN,NaN,12
32.5631,-97.859,NaN,NaN,NaN,NaN,0,0,NaN,NaN,NaN,0
32.5631,-97.9123,NaN,NaN,NaN,NaN,0,0,NaN,NaN,NaN,0
32.5631,-97.9656,NaN,NaN,NaN,NaN,0,0,NaN,NaN,NaN,0
32.5631,-98.0188,NaN,NaN,NaN,NaN,0,0,NaN,NaN,NaN,2
32.5631,-98.0721,NaN,NaN,NaN,NaN,0,0,NaN,NaN,NaN,6
32.5631,-98.1254,NaN,NaN,NaN,NaN,12663.7599,0,NaN,NaN,NaN,19
32.5631,-98.1787,NaN,NaN,NaN,NaN,36690.1608,0,NaN,NaN,NaN,15
32.5631,-98.232,NaN,NaN,NaN,NaN,0,0,NaN,NaN,NaN,0
32.5631,-98.2853,NaN,NaN,NaN,NaN,0,0,NaN,NaN,NaN,0
32.5631,-98.3386,NaN,NaN,NaN,NaN,0,0,NaN,NaN,NaN,4
32.5631,-98.3919,NaN,NaN,NaN,NaN,0,0,NaN,NaN,NaN,8
32.5631,-98.4452,NaN,NaN,NaN,NaN,0,0,NaN,NaN,NaN,4
32.5631,-98.4985,NaN,NaN,NaN,NaN,0,0,NaN,NaN,NaN,0
32.6081,-96.5267,NaN,NaN,NaN,NaN,0,0,NaN,NaN,NaN,0
32.6081,-96.58,NaN,NaN,NaN,NaN,0,0,NaN,NaN,NaN,0
32.6081,-96.6333,NaN,NaN,NaN,NaN,0,0,NaN,NaN,NaN,0
32.6081,-96.6866,NaN,NaN,NaN,NaN,0,0,NaN,NaN,NaN,0
32.6081,-96.7399,NaN,NaN,NaN,NaN,0,0,NaN,NaN,NaN,0
32.6081,-96.7933,NaN,NaN,NaN,NaN,0,0,NaN,NaN,NaN,0
32.6081,-96.8466,NaN,NaN,NaN,NaN,0,0,NaN,NaN,NaN,0
32.6081,-96.8999,NaN,NaN,NaN,NaN,0,0,NaN,NaN,NaN,0
32.6081,-96.9532,NaN,NaN,NaN,NaN,0,0,NaN,NaN,NaN,0
32.6081,-97.0065,NaN,NaN,NaN,NaN,106972.9829,0,NaN,NaN,NaN,129
32.6081,-97.0599,NaN,NaN,NaN,NaN,1531921.4216,0,NaN,NaN,NaN,629
32.6081,-97.1132,NaN,-4.3,7,7,285997.8828,0,NaN,0.5,0.30164,1137
32.6081,-97.1665,0.999,-4.3,7,7,2699345.6443,1,2.3,0.33333,0.21912,982
32.6081,-97.2198,NaN,NaN,NaN,NaN,142188.9772,0,NaN,0,0,417
32.6081,-97.2731,NaN,NaN,NaN,NaN,794868.8728,0,NaN,0,0,316
32.6081,-97.3265,NaN,NaN,NaN,NaN,469181.9011,0,NaN,0,0,615
32.6081,-97.3798,NaN,NaN,NaN,NaN,1082563.1125,0,NaN,NaN,NaN,599
32.6081,-97.4331,NaN,NaN,NaN,NaN,437247.7158,0,NaN,0,0,558
32.6081,-97.4864,NaN,NaN,NaN,NaN,3083795.1733,0,NaN,0,0,496
32.6081,-97.5397,NaN,NaN,NaN,NaN,1061114.7826,0,NaN,NaN,NaN,325
32.6081,-97.5931,NaN,NaN,NaN,NaN,1031948.192,0,NaN,NaN,NaN,455
32.6081,-97.6464,NaN,NaN,NaN,NaN,637247.1838,0,NaN,NaN,NaN,304
32.6081,-97.6997,NaN,NaN,NaN,NaN,179805.2331,0,NaN,NaN,NaN,65
32.6081,-97.753,NaN,NaN,NaN,NaN,64637.9897,0,NaN,NaN,NaN,67
32.6081,-97.8063,NaN,NaN,NaN,NaN,102329.8408,0,NaN,NaN,NaN,10
32.6081,-97.8596,NaN,NaN,NaN,NaN,0,0,NaN,NaN,NaN,0
32.6081,-97.913,NaN,NaN,NaN,NaN,0,0,NaN,NaN,NaN,0
32.6081,-97.9663,NaN,NaN,NaN,NaN,0,0,NaN,NaN,NaN,0
32.6081,-98.0196,NaN,NaN,NaN,NaN,16174.9974,0,NaN,NaN,NaN,2
32.6081,-98.0729,NaN,NaN,NaN,NaN,0,0,NaN,NaN,NaN,8
32.6081,-98.1262,NaN,NaN,NaN,NaN,62239.99,0,NaN,NaN,NaN,19
32.6081,-98.1796,NaN,NaN,NaN,NaN,0,0,NaN,NaN,NaN,13
32.6081,-98.2329,NaN,NaN,NaN,NaN,0,0,NaN,NaN,NaN,0
32.6081,-98.2862,NaN,NaN,NaN,NaN,0,0,NaN,NaN,NaN,4
32.6081,-98.3395,NaN,NaN,NaN,NaN,0,0,NaN,NaN,NaN,6
32.6081,-98.3928,NaN,NaN,NaN,NaN,570.9999,0,NaN,NaN,NaN,14
32.6081,-98.4462,NaN,NaN,NaN,NaN,105.9047,0,NaN,NaN,NaN,12
32.6081,-98.4995,NaN,NaN,NaN,NaN,0,0,NaN,NaN,NaN,0
32.6532,-96.5267,NaN,NaN,NaN,NaN,0,0,NaN,NaN,NaN,0
32.6532,-96.58,NaN,NaN,NaN,NaN,0,0,NaN,NaN,NaN,0
32.6532,-96.6334,NaN,NaN,NaN,NaN,0,0,NaN,NaN,NaN,0
32.6532,-96.6867,NaN,NaN,NaN,NaN,0,0,NaN,NaN,NaN,0
32.6532,-96.7401,NaN,NaN,NaN,NaN,0,0,NaN,NaN,NaN,0
32.6532,-96.7934,NaN,NaN,NaN,NaN,0,0,NaN,NaN,NaN,0
32.6532,-96.8468,NaN,NaN,NaN,NaN,0,0,NaN,NaN,NaN,0
32.6532,-96.9001,NaN,NaN,NaN,NaN,0,0,NaN,NaN,NaN,0
32.6532,-96.9534,NaN,NaN,NaN,NaN,0,0,NaN,NaN,NaN,0
32.6532,-97.0068,NaN,NaN,NaN,NaN,133541.9786,0,NaN,0,0,126
32.6532,-97.0601,NaN,NaN,NaN,NaN,2790505.6249,0,NaN,0,0,850
32.6532,-97.1135,0.040816,-4.3,14,14,5151175.8663,1,2.4,0.5,0.2739,1296
32.6532,-97.1668,NaN,-4.3,7,7,3139164.6168,0,NaN,0.5,0.034892,2666
32.6532,-97.2202,0.999,NaN,NaN,NaN,3259174.7404,1,2.2,0,0,2543
32.6532,-97.2735,NaN,NaN,NaN,NaN,2208113.58,0,NaN,0,0,736
32.6532,-97.3269,0.999,NaN,NaN,NaN,1903960.862,1,2.6,0,0,720
32.6532,-97.3802,NaN,NaN,NaN,NaN,2006699.4885,0,NaN,NaN,NaN,761
32.6532,-97.4336,0.999,NaN,NaN,NaN,1221980.2569,1,2.4,0,0,718
32.6532,-97.4869,NaN,NaN,NaN,NaN,3068124.1281,0,NaN,0,0,550
32.6532,-97.5403,NaN,NaN,NaN,NaN,1085029.2073,0,NaN,NaN,NaN,374
32.6532,-97.5936,NaN,NaN,NaN,NaN,1572509.7008,0,NaN,0,0,297
32.6532,-97.6469,NaN,NaN,NaN,NaN,53753.6104,0,NaN,0,0,83
32.6532,-97.7003,NaN,NaN,NaN,NaN,0,1,2.3,0,0,21
32.6532,-97.7536,NaN,NaN,NaN,NaN,638622.8978,0,NaN,0,0,47
32.6532,-97.807,NaN,NaN,NaN,NaN,87724.986,0,NaN,NaN,NaN,26
32.6532,-97.8603,NaN,NaN,NaN,NaN,0,0,NaN,NaN,NaN,0
32.6532,-97.9137,NaN,NaN,NaN,NaN,0,0,NaN,NaN,NaN,0
32.6532,-97.967,NaN,NaN,NaN,NaN,0,0,NaN,NaN,NaN,0
32.6532,-98.0204,NaN,NaN,NaN,NaN,0,0,NaN,NaN,NaN,0
32.6532,-98.0737,NaN,NaN,NaN,NaN,0,0,NaN,NaN,NaN,0
32.6532,-98.1271,NaN,NaN,NaN,NaN,0,0,NaN,NaN,NaN,0
32.6532,-98.1804,NaN,NaN,NaN,NaN,0,0,NaN,NaN,NaN,0
32.6532,-98.2338,NaN,NaN,NaN,NaN,0,0,NaN,NaN,NaN,0
32.6532,-98.2871,NaN,NaN,NaN,NaN,0,0,NaN,NaN,NaN,4
32.6532,-98.3405,NaN,NaN,NaN,NaN,28488.4954,0,NaN,NaN,NaN,10
32.6532,-98.3938,NaN,NaN,NaN,NaN,9148.4033,0,NaN,NaN,NaN,22
32.6532,-98.4471,NaN,NaN,NaN,NaN,613.0951,0,NaN,NaN,NaN,16
32.6532,-98.5005,NaN,NaN,NaN,NaN,0,0,NaN,NaN,NaN,0
32.6982,-96.5267,NaN,NaN,NaN,NaN,0,0,NaN,NaN,NaN,0
32.6982,-96.5801,NaN,NaN,NaN,NaN,0,0,NaN,NaN,NaN,0
32.6982,-96.6334,NaN,NaN,NaN,NaN,0,0,NaN,NaN,NaN,0
32.6982,-96.6868,NaN,NaN,NaN,NaN,0,0,NaN,NaN,NaN,0
32.6982,-96.7402,NaN,NaN,NaN,NaN,0,0,NaN,NaN,NaN,0
32.6982,-96.7936,NaN,NaN,NaN,NaN,0,0,NaN,NaN,NaN,0
32.6982,-96.8469,NaN,NaN,NaN,NaN,0,0,NaN,NaN,NaN,0
32.6982,-96.9003,NaN,NaN,NaN,NaN,0,0,NaN,NaN,NaN,0
32.6982,-96.9537,NaN,NaN,NaN,NaN,0,0,NaN,NaN,NaN,0
32.6982,-97.007,0.999,NaN,NaN,NaN,553487.4114,1,2.03,0,0,163
32.6982,-97.0604,NaN,NaN,NaN,NaN,1412278.8455,0,NaN,0,0,769
32.6982,-97.1138,NaN,NaN,NaN,NaN,853331.173,0,NaN,0,0,857
32.6982,-97.1672,NaN,-4.2,0,0,3596873.8293,0,NaN,0,0,2091
32.6982,-97.2205,NaN,NaN,NaN,NaN,5770730.3624,0,NaN,0,0,2866
32.6982,-97.2739,0.999,NaN,NaN,NaN,2630456.7696,3,2.3,0,0,1251
32.6982,-97.3273,NaN,NaN,NaN,NaN,451268.9278,0,NaN,0,0,699
32.6982,-97.3807,NaN,NaN,NaN,NaN,2861178.0565,0,NaN,NaN,NaN,867
32.6982,-97.434,NaN,NaN,NaN,NaN,3757421.9941,0,NaN,NaN,NaN,938
32.6982,-97.4874,NaN,NaN,NaN,NaN,2157642.3214,0,NaN,NaN,NaN,632
32.6982,-97.5408,NaN,NaN,NaN,NaN,272682.9564,0,NaN,0,0,215
32.6982,-97.5942,0.999,NaN,NaN,NaN,723661.2943,4,2.4,0,0,284
32.6982,-97.6475,NaN,NaN,NaN,NaN,393291.4371,0,NaN,0,0,211
32.6982,-97.7009,NaN,NaN,NaN,NaN,307100.6413,0,NaN,0,0,77
32.6982,-97.7543,NaN,NaN,NaN,NaN,632353.0417,0,NaN,0,0,114
32.6982,-97.8076,NaN,NaN,NaN,NaN,849135.4594,0,NaN,NaN,NaN,92
32.6982,-97.861,NaN,NaN,NaN,NaN,0,0,NaN,NaN,NaN,0
32.6982,-97.9144,NaN,NaN,NaN,NaN,0,0,NaN,NaN,NaN,0
32.6982,-97.9678,NaN,NaN,NaN,NaN,0,0,NaN,NaN,NaN,0
32.6982,-98.0211,NaN,NaN,NaN,NaN,0,0,NaN,NaN,NaN,0
32.6982,-98.0745,NaN,NaN,NaN,NaN,0,0,NaN,NaN,NaN,4
32.6982,-98.1279,NaN,NaN,NaN,NaN,365.4999,0,NaN,NaN,NaN,8
32.6982,-98.1813,NaN,NaN,NaN,NaN,0,0,NaN,NaN,NaN,8
32.6982,-98.2346,NaN,NaN,NaN,NaN,0,0,NaN,NaN,NaN,4
32.6982,-98.288,NaN,NaN,NaN,NaN,0,0,NaN,NaN,NaN,0
32.6982,-98.3414,NaN,NaN,NaN,NaN,0,0,NaN,NaN,NaN,4
32.6982,-98.3948,NaN,NaN,NaN,NaN,3620.9994,0,NaN,NaN,NaN,20
32.6982,-98.4481,NaN,NaN,NaN,NaN,3699.9994,0,NaN,NaN,NaN,16
32.6982,-98.5015,NaN,NaN,NaN,NaN,0,0,NaN,NaN,NaN,0
32.7432,-96.5267,NaN,NaN,NaN,NaN,0,0,NaN,NaN,NaN,0
32.7432,-96.5801,NaN,NaN,NaN,NaN,0,0,NaN,NaN,NaN,0
32.7432,-96.6335,NaN,NaN,NaN,NaN,0,0,NaN,0,0,0
32.7432,-96.6869,NaN,NaN,NaN,NaN,0,0,NaN,0,0,0
32.7432,-96.7403,NaN,NaN,NaN,NaN,0,0,NaN,NaN,NaN,0
32.7432,-96.7937,NaN,NaN,NaN,NaN,0,0,NaN,NaN,NaN,0
32.7432,-96.8471,NaN,NaN,NaN,NaN,0,0,NaN,NaN,NaN,0
32.7432,-96.9005,NaN,NaN,NaN,NaN,0,0,NaN,NaN,NaN,0
32.7432,-96.9539,NaN,NaN,NaN,NaN,0,0,NaN,NaN,NaN,0
32.7432,-97.0073,NaN,NaN,NaN,NaN,0,1,2.18,0,0,344
32.7432,-97.0607,0.999,NaN,NaN,NaN,1420113.1775,1,2.18,0,0,756
32.7432,-97.1141,0.999,NaN,NaN,NaN,2156443.1333,2,2.5,0,0,673
32.7432,-97.1675,0.999,NaN,NaN,NaN,1808748.4011,1,2.3,0,0,539
32.7432,-97.2209,NaN,NaN,NaN,NaN,1323162.2169,0,NaN,NaN,NaN,1022
32.7432,-97.2743,0.999,NaN,NaN,NaN,2768157.8428,3,2.4,0,0,1174
32.7432,-97.3277,0.999,NaN,NaN,NaN,1868393.582,2,2.2,0,0,641
32.7432,-97.3811,NaN,NaN,NaN,NaN,676274.3918,0,NaN,NaN,NaN,560
32.7432,-97.4345,NaN,NaN,NaN,NaN,2491254.7681,0,NaN,NaN,NaN,788
32.7432,-97.4879,NaN,NaN,NaN,NaN,1434044.4848,0,NaN,NaN,NaN,634
32.7432,-97.5413,NaN,NaN,NaN,NaN,1066184.4246,0,NaN,NaN,NaN,367
32.7432,-97.5947,NaN,NaN,NaN,NaN,763723.0445,0,NaN,NaN,NaN,311
32.7432,-97.6481,NaN,NaN,NaN,NaN,251700.9597,0,NaN,NaN,NaN,194
32.7432,-97.7015,NaN,NaN,NaN,NaN,117522.9812,0,NaN,NaN,NaN,97
32.7432,-97.7549,NaN,NaN,NaN,NaN,0,0,NaN,NaN,NaN,139
32.7432,-97.8083,NaN,NaN,NaN,NaN,0,0,NaN,NaN,NaN,97
32.7432,-97.8617,NaN,NaN,NaN,NaN,0,0,NaN,NaN,NaN,2
32.7432,-97.9151,NaN,NaN,NaN,NaN,561.9999,0,NaN,NaN,NaN,2
32.7432,-97.9685,NaN,NaN,NaN,NaN,0,0,NaN,NaN,NaN,0
32.7432,-98.0219,NaN,NaN,NaN,NaN,0,0,NaN,NaN,NaN,0
32.7432,-98.0753,NaN,NaN,NaN,NaN,0,0,NaN,NaN,NaN,6
32.7432,-98.1287,NaN,NaN,NaN,NaN,0,0,NaN,NaN,NaN,10
32.7432,-98.1821,NaN,NaN,NaN,NaN,8596.6177,0,NaN,NaN,NaN,10
32.7432,-98.2355,NaN,NaN,NaN,NaN,998.9998,0,NaN,NaN,NaN,6
32.7432,-98.2889,NaN,NaN,NaN,NaN,0,0,NaN,NaN,NaN,0
32.7432,-98.3423,NaN,NaN,NaN,NaN,0,0,NaN,NaN,NaN,6
32.7432,-98.3957,NaN,NaN,NaN,NaN,5187.4992,0,NaN,NaN,NaN,12
32.7432,-98.4491,NaN,NaN,NaN,NaN,0,0,NaN,NaN,NaN,6
32.7432,-98.5025,NaN,NaN,NaN,NaN,0,0,NaN,NaN,NaN,0
32.7883,-96.5267,NaN,NaN,NaN,NaN,0,0,NaN,NaN,NaN,0
32.7883,-96.5801,NaN,NaN,NaN,NaN,0,0,NaN,NaN,NaN,0
32.7883,-96.6336,NaN,NaN,NaN,NaN,0,0,NaN,0,0,0
32.7883,-96.687,NaN,NaN,NaN,NaN,0,1,2.1,0,0,0
32.7883,-96.7404,NaN,NaN,NaN,NaN,0,0,NaN,NaN,NaN,0
32.7883,-96.7939,NaN,NaN,NaN,NaN,0,0,NaN,NaN,NaN,0
32.7883,-96.8473,NaN,NaN,NaN,NaN,0,0,NaN,0,0,0
32.7883,-96.9007,NaN,NaN,NaN,NaN,0,1,2.4,0,0,0
32.7883,-96.9541,NaN,NaN,NaN,NaN,0,0,NaN,0,0,0
32.7883,-97.0076,0.999,-3.9,0,0,3541336.2667,4,2.98,0,0,542
32.7883,-97.061,0.999,-3.9,0,0,918124.3293,1,2.28,0,0,832
32.7883,-97.1144,0.999,-3.7,12,12,903846.8078,1,2.38,0,0,505
32.7883,-97.1678,NaN,-4,0,0,1365225.7339,0,NaN,0,0,588
32.7883,-97.2213,NaN,NaN,NaN,NaN,3327003.5153,0,NaN,0,0,797
32.7883,-97.2747,NaN,NaN,NaN,NaN,4632979.4016,0,NaN,NaN,NaN,986
32.7883,-97.3281,NaN,NaN,NaN,NaN,1193012.952,0,NaN,NaN,NaN,1017
32.7883,-97.3816,NaN,NaN,NaN,NaN,1692666.372,0,NaN,NaN,NaN,610
32.7883,-97.435,NaN,NaN,NaN,NaN,958733.1942,0,NaN,NaN,NaN,450
32.7883,-97.4884,NaN,NaN,NaN,NaN,1447333.3875,0,NaN,NaN,NaN,588
32.7883,-97.5418,NaN,NaN,NaN,NaN,252702.9596,0,NaN,NaN,NaN,398
32.7883,-97.5953,NaN,NaN,NaN,NaN,0,0,NaN,NaN,NaN,163
32.7883,-97.6487,NaN,NaN,NaN,NaN,91485.1044,0,NaN,NaN,NaN,58
32.7883,-97.7021,NaN,NaN,NaN,NaN,163122.7358,0,NaN,NaN,NaN,28
32.7883,-97.7555,NaN,NaN,NaN,NaN,548666.5789,0,NaN,NaN,NaN,49
32.7883,-97.809,NaN,NaN,NaN,NaN,0,0,NaN,NaN,NaN,21
32.7883,-97.8624,NaN,NaN,NaN,NaN,0,0,NaN,NaN,NaN,2
32.7883,-97.9158,NaN,NaN,NaN,NaN,0,0,NaN,NaN,NaN,2
32.7883,-97.9693,NaN,NaN,NaN,NaN,0,0,NaN,NaN,NaN,2
32.7883,-98.0227,NaN,NaN,NaN,NaN,0,0,NaN,NaN,NaN,2
32.7883,-98.0761,NaN,NaN,NaN,NaN,0,0,NaN,NaN,NaN,2
32.7883,-98.1295,NaN,NaN,NaN,NaN,747.9761,0,NaN,NaN,NaN,2
32.7883,-98.183,NaN,NaN,NaN,NaN,0,0,NaN,NaN,NaN,2
32.7883,-98.2364,NaN,NaN,NaN,NaN,0,0,NaN,NaN,NaN,4
32.7883,-98.2898,NaN,NaN,NaN,NaN,0,0,NaN,NaN,NaN,2
32.7883,-98.3432,NaN,NaN,NaN,NaN,6999.9989,0,NaN,NaN,NaN,4
32.7883,-98.3967,NaN,NaN,NaN,NaN,0,0,NaN,NaN,NaN,6
32.7883,-98.4501,NaN,NaN,NaN,NaN,0,0,NaN,NaN,NaN,6
32.7883,-98.5035,NaN,NaN,NaN,NaN,0,0,NaN,NaN,NaN,4
32.8333,-96.5267,NaN,NaN,NaN,NaN,0,0,NaN,NaN,NaN,0
32.8333,-96.5802,NaN,NaN,NaN,NaN,0,0,NaN,NaN,NaN,0
32.8333,-96.6336,NaN,NaN,NaN,NaN,0,0,NaN,NaN,NaN,0
32.8333,-96.6871,NaN,NaN,NaN,NaN,0,0,NaN,NaN,NaN,0
32.8333,-96.7405,NaN,NaN,NaN,NaN,0,0,NaN,NaN,NaN,0
32.8333,-96.794,NaN,NaN,NaN,NaN,0,0,NaN,NaN,NaN,0
32.8333,-96.8475,NaN,NaN,NaN,NaN,0,0,NaN,0,0,0
32.8333,-96.9009,NaN,NaN,NaN,NaN,0,27,3.6,0,0,0
32.8333,-96.9544,NaN,NaN,NaN,NaN,0,6,3.4,0,0,0
32.8333,-97.0078,NaN,-3.6,0,0,0,5,2.68,0.0625,0.056219,288
32.8333,-97.0613,0.15464,-3.8,0,0,981532.843,1,2.5,0.083333,0.073098,352
32.8333,-97.1147,0.999,-3.7,12,12,431057.931,1,2.68,0,0,106
32.8333,-97.1682,NaN,NaN,NaN,NaN,376060.9874,0,NaN,0,0,321
32.8333,-97.2216,0.999,NaN,NaN,NaN,1879555.604,1,2.1,0,0,821
32.8333,-97.2751,NaN,NaN,NaN,NaN,4411339.7466,0,NaN,NaN,NaN,893
32.8333,-97.3285,NaN,NaN,NaN,NaN,3391388.8145,0,NaN,NaN,NaN,687
32.8333,-97.382,NaN,NaN,NaN,NaN,1607682.9094,0,NaN,NaN,NaN,387
32.8333,-97.4355,NaN,NaN,NaN,NaN,265437.9575,0,NaN,NaN,NaN,301
32.8333,-97.4889,NaN,NaN,NaN,NaN,981739.7239,0,NaN,NaN,NaN,389
32.8333,-97.5424,NaN,NaN,NaN,NaN,0,0,NaN,NaN,NaN,215
32.8333,-97.5958,NaN,NaN,NaN,NaN,967471.4643,0,NaN,NaN,NaN,107
32.8333,-97.6493,NaN,NaN,NaN,NaN,0,0,NaN,NaN,NaN,39
32.8333,-97.7027,NaN,NaN,NaN,NaN,315330.8305,0,NaN,NaN,NaN,22
32.8333,-97.7562,NaN,NaN,NaN,NaN,72988.9883,0,NaN,NaN,NaN,14
32.8333,-97.8096,NaN,NaN,NaN,NaN,0,0,NaN,NaN,NaN,0
32.8333,-97.8631,NaN,NaN,NaN,NaN,0,0,NaN,NaN,NaN,4
32.8333,-97.9165,NaN,NaN,NaN,NaN,59221.9905,0,NaN,NaN,NaN,8
32.8333,-97.97,NaN,NaN,NaN,NaN,0,0,NaN,NaN,NaN,10
32.8333,-98.0235,NaN,NaN,NaN,NaN,1128.0712,0,NaN,NaN,NaN,10
32.8333,-98.0769,NaN,NaN,NaN,NaN,0,0,NaN,NaN,NaN,4
32.8333,-98.1304,NaN,NaN,NaN,NaN,0,0,NaN,NaN,NaN,0
32.8333,-98.1838,NaN,NaN,NaN,NaN,0,0,NaN,NaN,NaN,0
32.8333,-98.2373,NaN,NaN,NaN,NaN,0,0,NaN,NaN,NaN,4
32.8333,-98.2907,NaN,NaN,NaN,NaN,34325.4707,0,NaN,NaN,NaN,10
32.8333,-98.3442,NaN,NaN,NaN,NaN,0,0,NaN,NaN,NaN,6
32.8333,-98.3976,NaN,NaN,NaN,NaN,38605.4938,0,NaN,NaN,NaN,14
32.8333,-98.4511,NaN,NaN,NaN,NaN,16780.3306,0,NaN,NaN,NaN,18
32.8333,-98.5045,NaN,NaN,NaN,NaN,0,0,NaN,NaN,NaN,4
32.8784,-96.5267,NaN,NaN,NaN,NaN,0,0,NaN,NaN,NaN,0
32.8784,-96.5802,NaN,NaN,NaN,NaN,0,0,NaN,NaN,NaN,0
32.8784,-96.6337,NaN,NaN,NaN,NaN,0,0,NaN,NaN,NaN,0
32.8784,-96.6872,NaN,NaN,NaN,NaN,0,0,NaN,NaN,NaN,0
32.8784,-96.7407,NaN,NaN,NaN,NaN,0,0,NaN,NaN,NaN,0
32.8784,-96.7941,NaN,NaN,NaN,NaN,0,0,NaN,NaN,NaN,0
32.8784,-96.8476,NaN,NaN,NaN,NaN,0,0,NaN,0,0,0
32.8784,-96.9011,NaN,NaN,NaN,NaN,0,78,3.5,0,0,0
32.8784,-96.9546,NaN,NaN,NaN,NaN,0,8,2.4,0,0,0
32.8784,-97.0081,NaN,-2.6,0,0,0,1,3,0.083333,0.082665,23
32.8784,-97.0616,0.15464,-3.4,0,0,750261.8323,2,2.6,0.16667,0.16172,85
32.8784,-97.115,NaN,NaN,NaN,NaN,0,0,NaN,0,0,80
32.8784,-97.1685,NaN,NaN,NaN,NaN,323214.8197,0,NaN,NaN,NaN,182
32.8784,-97.222,NaN,NaN,NaN,NaN,2725430.1592,0,NaN,NaN,NaN,501
32.8784,-97.2755,NaN,NaN,NaN,NaN,0,0,NaN,NaN,NaN,461
32.8784,-97.329,NaN,NaN,NaN,NaN,0,0,NaN,NaN,NaN,162
32.8784,-97.3824,NaN,NaN,NaN,NaN,526578.9157,0,NaN,NaN,NaN,178
32.8784,-97.4359,NaN,NaN,NaN,NaN,657193.9187,0,NaN,NaN,NaN,331
32.8784,-97.4894,NaN,NaN,NaN,NaN,217302.9652,0,NaN,0,0,241
32.8784,-97.5429,0.999,NaN,NaN,NaN,361903.9421,1,2.7,0,0,104
32.8784,-97.5964,0.999,-2.6,0,0,234227.0816,1,2.3,0,0,77
32.8784,-97.6499,NaN,-2.3,0,0,442646.7387,0,NaN,0,0,31
32.8784,-97.7033,NaN,NaN,NaN,NaN,0,1,2.6,0,0,16
32.8784,-97.7568,NaN,NaN,NaN,NaN,0,0,NaN,NaN,NaN,8
32.8784,-97.8103,NaN,NaN,NaN,NaN,0,0,NaN,NaN,NaN,8
32.8784,-97.8638,NaN,NaN,NaN,NaN,0,0,NaN,NaN,NaN,12
32.8784,-97.9173,NaN,NaN,NaN,NaN,0,0,NaN,NaN,NaN,8
32.8784,-97.9707,NaN,NaN,NaN,NaN,0,0,NaN,NaN,NaN,8
32.8784,-98.0242,NaN,NaN,NaN,NaN,1199.9998,0,NaN,NaN,NaN,8
32.8784,-98.0777,NaN,NaN,NaN,NaN,8391.9987,0,NaN,NaN,NaN,7
32.8784,-98.1312,NaN,NaN,NaN,NaN,0,0,NaN,NaN,NaN,6
32.8784,-98.1847,NaN,NaN,NaN,NaN,0,0,NaN,NaN,NaN,25
32.8784,-98.2382,NaN,NaN,NaN,NaN,26839.2338,0,NaN,NaN,NaN,42
32.8784,-98.2916,NaN,NaN,NaN,NaN,4234.1184,0,NaN,NaN,NaN,35
32.8784,-98.3451,NaN,NaN,NaN,NaN,130359.5506,0,NaN,NaN,NaN,38
32.8784,-98.3986,NaN,NaN,NaN,NaN,0,0,NaN,NaN,NaN,43
32.8784,-98.4521,NaN,NaN,NaN,NaN,1229.9522,0,NaN,NaN,NaN,32
32.8784,-98.5056,NaN,NaN,NaN,NaN,0,0,NaN,NaN,NaN,12
32.9234,-96.5268,NaN,NaN,NaN,NaN,0,0,NaN,NaN,NaN,0
32.9234,-96.5803,NaN,NaN,NaN,NaN,0,0,NaN,NaN,NaN,0
32.9234,-96.6338,NaN,NaN,NaN,NaN,0,0,NaN,NaN,NaN,0
32.9234,-96.6873,NaN,NaN,NaN,NaN,0,0,NaN,NaN,NaN,0
32.9234,-96.7408,NaN,NaN,NaN,NaN,0,0,NaN,NaN,NaN,0
32.9234,-96.7943,NaN,NaN,NaN,NaN,0,0,NaN,NaN,NaN,0
32.9234,-96.8478,NaN,NaN,NaN,NaN,0,0,NaN,0,0,0
32.9234,-96.9013,NaN,NaN,NaN,NaN,0,0,NaN,0,0,0
32.9234,-96.9548,NaN,NaN,NaN,NaN,0,2,2.2,0,0,0
32.9234,-97.0083,NaN,NaN,NaN,NaN,0,0,NaN,0,0,102
32.9234,-97.0618,NaN,NaN,NaN,NaN,478421.7806,0,NaN,NaN,NaN,123
32.9234,-97.1154,NaN,NaN,NaN,NaN,128000.9795,0,NaN,NaN,NaN,47
32.9234,-97.1689,NaN,NaN,NaN,NaN,48316.2113,0,NaN,NaN,NaN,80
32.9234,-97.2224,NaN,NaN,NaN,NaN,79583.9873,0,NaN,NaN,NaN,153
32.9234,-97.2759,NaN,NaN,NaN,NaN,0,0,NaN,NaN,NaN,137
32.9234,-97.3294,NaN,NaN,NaN,NaN,283713.0975,0,NaN,NaN,NaN,254
32.9234,-97.3829,NaN,NaN,NaN,NaN,1525860.5178,0,NaN,NaN,NaN,531
32.9234,-97.4364,NaN,NaN,NaN,NaN,2703817.9007,0,NaN,NaN,NaN,564
32.9234,-97.4899,NaN,NaN,NaN,NaN,1781066.1436,0,NaN,0,0,348
32.9234,-97.5434,0.999,NaN,NaN,NaN,204052.9674,5,3.6,0,0,130
32.9234,-97.5969,0.999,-2.3,0,0,560.9999,6,3.6,0,0,35
32.9234,-97.6504,NaN,-2.3,0,0,0,1,3,0,0,6
32.9234,-97.7039,NaN,NaN,NaN,NaN,0,0,NaN,0,0,4
32.9234,-97.7575,NaN,NaN,NaN,NaN,107495.9828,0,NaN,NaN,NaN,12
32.9234,-97.811,NaN,NaN,NaN,NaN,48614.897,0,NaN,NaN,NaN,18
32.9234,-97.8645,NaN,NaN,NaN,NaN,0,0,NaN,NaN,NaN,8
32.9234,-97.918,NaN,NaN,NaN,NaN,0,0,NaN,NaN,NaN,0
32.9234,-97.9715,NaN,NaN,NaN,NaN,0,0,NaN,NaN,NaN,0
32.9234,-98.025,NaN,NaN,NaN,NaN,0,0,NaN,0,0,0
32.9234,-98.0785,NaN,NaN,NaN,NaN,0,0,NaN,0,0,22
32.9234,-98.132,NaN,-2.6,13,13,117006.886,0,NaN,NaN,NaN,49
32.9234,-98.1855,NaN,NaN,NaN,NaN,193548.1595,0,NaN,NaN,NaN,104
32.9234,-98.239,NaN,NaN,NaN,NaN,214832.5752,0,NaN,NaN,NaN,106
32.9234,-98.2925,NaN,NaN,NaN,NaN,157207.8225,0,NaN,NaN,NaN,65
32.9234,-98.3461,NaN,NaN,NaN,NaN,24059.029,0,NaN,NaN,NaN,70
32.9234,-98.3996,NaN,NaN,NaN,NaN,27612.5225,0,NaN,NaN,NaN,42
32.9234,-98.4531,NaN,NaN,NaN,NaN,3355.9518,0,NaN,NaN,NaN,20
32.9234,-98.5066,NaN,NaN,NaN,NaN,92540.9852,0,NaN,NaN,NaN,12
32.9685,-96.5268,NaN,NaN,NaN,NaN,0,0,NaN,NaN,NaN,0
32.9685,-96.5803,NaN,NaN,NaN,NaN,0,0,NaN,NaN,NaN,0
32.9685,-96.6338,NaN,NaN,NaN,NaN,0,0,NaN,NaN,NaN,0
32.9685,-96.6874,NaN,NaN,NaN,NaN,0,0,NaN,NaN,NaN,0
32.9685,-96.7409,NaN,NaN,NaN,NaN,0,0,NaN,NaN,NaN,0
32.9685,-96.7944,NaN,NaN,NaN,NaN,0,0,NaN,NaN,NaN,0
32.9685,-96.848,NaN,NaN,NaN,NaN,0,0,NaN,NaN,NaN,0
32.9685,-96.9015,NaN,NaN,NaN,NaN,0,0,NaN,NaN,NaN,0
32.9685,-96.9551,NaN,NaN,NaN,NaN,0,0,NaN,NaN,NaN,29
32.9685,-97.0086,NaN,NaN,NaN,NaN,582997.1448,0,NaN,NaN,NaN,197
32.9685,-97.0621,NaN,NaN,NaN,NaN,301833.9517,0,NaN,NaN,NaN,183
32.9685,-97.1157,NaN,NaN,NaN,NaN,0,0,NaN,NaN,NaN,33
32.9685,-97.1692,NaN,NaN,NaN,NaN,89999.9856,0,NaN,NaN,NaN,20
32.9685,-97.2227,NaN,NaN,NaN,NaN,0,0,NaN,NaN,NaN,15
32.9685,-97.2763,NaN,NaN,NaN,NaN,341037.1597,0,NaN,NaN,NaN,216
32.9685,-97.3298,NaN,NaN,NaN,NaN,2945529.1478,0,NaN,0,0,522
32.9685,-97.3833,NaN,NaN,NaN,NaN,3719913.4762,0,NaN,0,0,664
32.9685,-97.4369,NaN,NaN,NaN,NaN,1490635.9758,0,NaN,NaN,NaN,639
32.9685,-97.4904,0.999,-3.7,3,3,2442080.7378,1,2.6,0.16667,0.14259,414
32.9685,-97.544,0.999,-3.6,3,3,386123.9382,18,3.3,0.038462,0.03614,173
32.9685,-97.5975,0.999,NaN,NaN,NaN,3073006.7377,4,2.9,0,0,187
32.9685,-97.651,0.999,NaN,NaN,NaN,844330.0078,1,2.8,0,0,150
32.9685,-97.7046,NaN,NaN,NaN,NaN,0,0,NaN,0,0,18
32.9685,-97.7581,NaN,NaN,NaN,NaN,488461.9933,0,NaN,NaN,NaN,12
32.9685,-97.8116,NaN,NaN,NaN,NaN,0,0,NaN,NaN,NaN,10
32.9685,-97.8652,NaN,NaN,NaN,NaN,0,0,NaN,NaN,NaN,0
32.9685,-97.9187,NaN,NaN,NaN,NaN,0,0,NaN,NaN,NaN,0
32.9685,-97.9722,NaN,NaN,NaN,NaN,34667.9945,0,NaN,NaN,NaN,8
32.9685,-98.0258,NaN,NaN,NaN,NaN,0,0,NaN,0,0,26
32.9685,-98.0793,0.022472,-2.8,13,13,109736.292,2,3.7,0,0,62
32.9685,-98.1328,NaN,-2.6,13,13,47895.3733,0,NaN,0,0,97
32.9685,-98.1864,NaN,NaN,NaN,NaN,137848.9303,0,NaN,NaN,NaN,182
32.9685,-98.2399,NaN,NaN,NaN,NaN,349247.4108,0,NaN,NaN,NaN,177
32.9685,-98.2935,NaN,NaN,NaN,NaN,40876.0077,0,NaN,NaN,NaN,98
32.9685,-98.347,NaN,NaN,NaN,NaN,95355.3657,0,NaN,NaN,NaN,72
32.9685,-98.4005,NaN,NaN,NaN,NaN,0,0,NaN,NaN,NaN,22
32.9685,-98.4541,NaN,NaN,NaN,NaN,0,0,NaN,NaN,NaN,2
32.9685,-98.5076,NaN,NaN,NaN,NaN,0,0,NaN,NaN,NaN,2
33.0135,-96.5268,NaN,NaN,NaN,NaN,0,0,NaN,NaN,NaN,0
33.0135,-96.5803,NaN,NaN,NaN,NaN,0,0,NaN,NaN,NaN,0
33.0135,-96.6339,NaN,NaN,NaN,NaN,0,0,NaN,NaN,NaN,0
33.0135,-96.6875,NaN,NaN,NaN,NaN,0,0,NaN,NaN,NaN,0
33.0135,-96.741,NaN,NaN,NaN,NaN,0,0,NaN,NaN,NaN,0
33.0135,-96.7946,NaN,NaN,NaN,NaN,0,0,NaN,NaN,NaN,0
33.0135,-96.8482,NaN,NaN,NaN,NaN,0,0,NaN,NaN,NaN,0
33.0135,-96.9017,NaN,NaN,NaN,NaN,0,0,NaN,NaN,NaN,0
33.0135,-96.9553,NaN,NaN,NaN,NaN,0,0,NaN,NaN,NaN,29
33.0135,-97.0089,NaN,NaN,NaN,NaN,1083727.8266,0,NaN,NaN,NaN,95
33.0135,-97.0624,NaN,NaN,NaN,NaN,110454.9823,0,NaN,0,0,88
33.0135,-97.116,NaN,NaN,NaN,NaN,103381.9835,0,NaN,0,0,53
33.0135,-97.1695,NaN,NaN,NaN,NaN,0,0,NaN,0,0,31
33.0135,-97.2231,NaN,NaN,NaN,NaN,144202.9769,0,NaN,NaN,NaN,74
33.0135,-97.2767,NaN,NaN,NaN,NaN,879058.4546,0,NaN,0,0,405
33.0135,-97.3302,0.999,NaN,NaN,NaN,3833971.9636,1,3,0,0,663
33.0135,-97.3838,NaN,NaN,NaN,NaN,1348751.6413,0,NaN,NaN,NaN,610
33.0135,-97.4374,NaN,NaN,NaN,NaN,2314943.6725,0,NaN,NaN,NaN,560
33.0135,-97.4909,NaN,-3.7,3,3,326504.1144,0,NaN,0.33333,0.29228,353
33.0135,-97.5445,0.999,-3.7,3,3,147188.405,3,2.9,0.05,0.04693,176
33.0135,-97.598,NaN,NaN,NaN,NaN,439674.6201,0,NaN,0,0,229
33.0135,-97.6516,NaN,NaN,NaN,NaN,552.4285,0,NaN,NaN,NaN,134
33.0135,-97.7052,NaN,NaN,NaN,NaN,867.4046,0,NaN,NaN,NaN,14
33.0135,-97.7587,NaN,NaN,NaN,NaN,0,0,NaN,NaN,NaN,17
33.0135,-97.8123,NaN,NaN,NaN,NaN,0,0,NaN,NaN,NaN,13
33.0135,-97.8659,NaN,NaN,NaN,NaN,0,0,NaN,NaN,NaN,0
33.0135,-97.9194,NaN,NaN,NaN,NaN,0,0,NaN,NaN,NaN,0
33.0135,-97.973,NaN,NaN,NaN,NaN,0,0,NaN,NaN,NaN,10
33.0135,-98.0266,NaN,NaN,NaN,NaN,17770.3305,0,NaN,NaN,NaN,32
33.0135,-98.0801,NaN,-2.8,13,13,145265.5244,0,NaN,0,0,82
33.0135,-98.1337,NaN,-2.8,13,13,130839.6934,0,NaN,0,0,132
33.0135,-98.1872,NaN,NaN,NaN,NaN,351475.6106,0,NaN,0,0,191
33.0135,-98.2408,0.999,NaN,NaN,NaN,293371.215,1,2.8,0,0,184
33.0135,-98.2944,NaN,NaN,NaN,NaN,156592.9035,0,NaN,NaN,NaN,122
33.0135,-98.3479,NaN,NaN,NaN,NaN,29603.8286,0,NaN,NaN,NaN,65
33.0135,-98.4015,NaN,NaN,NaN,NaN,1784.9997,0,NaN,NaN,NaN,10
33.0135,-98.4551,NaN,NaN,NaN,NaN,7674.4512,0,NaN,NaN,NaN,4
33.0135,-98.5086,NaN,NaN,NaN,NaN,0,0,NaN,NaN,NaN,4
33.0586,-96.5268,NaN,NaN,NaN,NaN,0,0,NaN,NaN,NaN,0
33.0586,-96.5804,NaN,NaN,NaN,NaN,0,0,NaN,NaN,NaN,0
33.0586,-96.634,NaN,NaN,NaN,NaN,0,0,NaN,NaN,NaN,0
33.0586,-96.6876,NaN,NaN,NaN,NaN,0,0,NaN,NaN,NaN,0
33.0586,-96.7412,NaN,NaN,NaN,NaN,0,0,NaN,NaN,NaN,0
33.0586,-96.7947,NaN,NaN,NaN,NaN,0,0,NaN,NaN,NaN,0
33.0586,-96.8483,NaN,NaN,NaN,NaN,0,0,NaN,NaN,NaN,0
33.0586,-96.9019,NaN,NaN,NaN,NaN,0,0,NaN,NaN,NaN,0
33.0586,-96.9555,NaN,NaN,NaN,NaN,0,0,NaN,0,0,0
33.0586,-97.0091,0.999,NaN,NaN,NaN,426900.9317,4,2.8,0,0,45
33.0586,-97.0627,NaN,NaN,NaN,NaN,0,0,NaN,0,0,56
33.0586,-97.1163,0.999,NaN,NaN,NaN,185866.9703,2,2.1,0,0,54
33.0586,-97.1699,NaN,NaN,NaN,NaN,133915.9786,0,NaN,0,0,43
33.0586,-97.2235,NaN,NaN,NaN,NaN,8267.9987,0,NaN,NaN,NaN,85
33.0586,-97.2771,NaN,NaN,NaN,NaN,3358883.2816,0,NaN,NaN,NaN,427
33.0586,-97.3307,NaN,NaN,NaN,NaN,1651194.2358,0,NaN,NaN,NaN,602
33.0586,-97.3842,NaN,NaN,NaN,NaN,2341971.1253,0,NaN,NaN,NaN,584
33.0586,-97.4378,NaN,NaN,NaN,NaN,3786994.4417,0,NaN,NaN,NaN,498
33.0586,-97.4914,NaN,NaN,NaN,NaN,2048521.1722,0,NaN,NaN,NaN,348
33.0586,-97.545,NaN,NaN,NaN,NaN,1837136.4394,0,NaN,NaN,NaN,362
33.0586,-97.5986,NaN,NaN,NaN,NaN,1757435.6236,0,NaN,NaN,NaN,288
33.0586,-97.6522,NaN,NaN,NaN,NaN,672242.5829,0,NaN,NaN,NaN,144
33.0586,-97.7058,NaN,NaN,NaN,NaN,475829.5191,0,NaN,NaN,NaN,66
33.0586,-97.7594,NaN,NaN,NaN,NaN,538857.009,0,NaN,NaN,NaN,37
33.0586,-97.813,NaN,NaN,NaN,NaN,0,0,NaN,NaN,NaN,15
33.0586,-97.8666,NaN,NaN,NaN,NaN,0,0,NaN,NaN,NaN,0
33.0586,-97.9202,NaN,NaN,NaN,NaN,62115.3234,0,NaN,NaN,NaN,2
33.0586,-97.9737,NaN,NaN,NaN,NaN,19630.9969,0,NaN,NaN,NaN,8
33.0586,-98.0273,NaN,NaN,NaN,NaN,4540.9993,0,NaN,NaN,NaN,59
33.0586,-98.0809,NaN,NaN,NaN,NaN,135931.1449,0,NaN,NaN,NaN,123
33.0586,-98.1345,NaN,NaN,NaN,NaN,267982.9333,0,NaN,NaN,NaN,159
33.0586,-98.1881,NaN,NaN,NaN,NaN,180970.8996,0,NaN,0,0,180
33.0586,-98.2417,NaN,NaN,NaN,NaN,96255.7465,0,NaN,0,0,161
33.0586,-98.2953,NaN,NaN,NaN,NaN,128070.1938,0,NaN,NaN,NaN,107
33.0586,-98.3489,NaN,NaN,NaN,NaN,12687.998,0,NaN,NaN,NaN,43
33.0586,-98.4025,NaN,NaN,NaN,NaN,678.4761,0,NaN,NaN,NaN,12
33.0586,-98.4561,NaN,NaN,NaN,NaN,3362.9518,0,NaN,NaN,NaN,8
33.0586,-98.5097,NaN,NaN,NaN,NaN,5716.4991,0,NaN,NaN,NaN,8
33.1036,-96.5268,NaN,NaN,NaN,NaN,0,0,NaN,NaN,NaN,0
33.1036,-96.5804,NaN,NaN,NaN,NaN,0,0,NaN,NaN,NaN,0
33.1036,-96.634,NaN,NaN,NaN,NaN,0,0,NaN,NaN,NaN,0
33.1036,-96.6877,NaN,NaN,NaN,NaN,0,0,NaN,NaN,NaN,0
33.1036,-96.7413,NaN,NaN,NaN,NaN,0,0,NaN,NaN,NaN,0
33.1036,-96.7949,NaN,NaN,NaN,NaN,0,0,NaN,NaN,NaN,0
33.1036,-96.8485,NaN,NaN,NaN,NaN,0,0,NaN,NaN,NaN,0
33.1036,-96.9021,NaN,NaN,NaN,NaN,0,0,NaN,NaN,NaN,0
33.1036,-96.9558,NaN,NaN,NaN,NaN,0,0,NaN,0,0,0
33.1036,-97.0094,NaN,NaN,NaN,NaN,0,18,2.9,0,0,45
33.1036,-97.063,NaN,NaN,NaN,NaN,0,0,NaN,0,0,233
33.1036,-97.1166,NaN,NaN,NaN,NaN,0,0,NaN,0,0,218
33.1036,-97.1702,0.999,-3.5,0,0,73353.0597,1,2,0,0,30
33.1036,-97.2238,NaN,NaN,NaN,NaN,0,0,NaN,NaN,NaN,89
33.1036,-97.2775,NaN,-3.9,2,2,757436.1579,0,NaN,NaN,NaN,387
33.1036,-97.3311,NaN,NaN,NaN,NaN,2376141.977,0,NaN,NaN,NaN,614
33.1036,-97.3847,NaN,NaN,NaN,NaN,3151509.2815,0,NaN,NaN,NaN,653
33.1036,-97.4383,NaN,NaN,NaN,NaN,3410418.2877,0,NaN,NaN,NaN,732
33.1036,-97.4919,NaN,NaN,NaN,NaN,2989094.617,0,NaN,NaN,NaN,854
33.1036,-97.5456,NaN,NaN,NaN,NaN,4045928.9003,0,NaN,NaN,NaN,646
33.1036,-97.5992,NaN,NaN,NaN,NaN,829796.9625,0,NaN,NaN,NaN,350
33.1036,-97.6528,NaN,NaN,NaN,NaN,1033769.1013,0,NaN,NaN,NaN,325
33.1036,-97.7064,NaN,NaN,NaN,NaN,340342.0646,0,NaN,NaN,NaN,202
33.1036,-97.76,NaN,NaN,NaN,NaN,474810.0955,0,NaN,NaN,NaN,143
33.1036,-97.8136,NaN,NaN,NaN,NaN,70207.9888,0,NaN,NaN,NaN,103
33.1036,-97.8673,NaN,NaN,NaN,NaN,72008.9885,0,NaN,NaN,NaN,10
33.1036,-97.9209,NaN,NaN,NaN,NaN,195.5476,0,NaN,NaN,NaN,14
33.1036,-97.9745,NaN,NaN,NaN,NaN,0,0,NaN,NaN,NaN,8
33.1036,-98.0281,NaN,NaN,NaN,NaN,8601.5224,0,NaN,NaN,NaN,104
33.1036,-98.0817,NaN,NaN,NaN,NaN,85450.0339,0,NaN,NaN,NaN,184
33.1036,-98.1354,NaN,NaN,NaN,NaN,176765.5193,0,NaN,NaN,NaN,176
33.1036,-98.189,NaN,NaN,NaN,NaN,390257.1757,0,NaN,NaN,NaN,199
33.1036,-98.2426,NaN,NaN,NaN,NaN,94354.5087,0,NaN,NaN,NaN,175
33.1036,-98.2962,NaN,NaN,NaN,NaN,116444.8623,0,NaN,NaN,NaN,81
33.1036,-98.3498,NaN,NaN,NaN,NaN,349.3333,0,NaN,NaN,NaN,19
33.1036,-98.4034,NaN,NaN,NaN,NaN,4261.4993,0,NaN,NaN,NaN,10
33.1036,-98.4571,NaN,NaN,NaN,NaN,0,0,NaN,NaN,NaN,6
33.1036,-98.5107,NaN,NaN,NaN,NaN,0,0,NaN,NaN,NaN,6
33.1486,-96.5268,NaN,NaN,NaN,NaN,0,0,NaN,NaN,NaN,0
33.1486,-96.5805,NaN,NaN,NaN,NaN,0,0,NaN,NaN,NaN,0
33.1486,-96.6341,NaN,NaN,NaN,NaN,0,0,NaN,NaN,NaN,0
33.1486,-96.6878,NaN,NaN,NaN,NaN,0,0,NaN,NaN,NaN,0
33.1486,-96.7414,NaN,NaN,NaN,NaN,0,0,NaN,NaN,NaN,0
33.1486,-96.7951,NaN,NaN,NaN,NaN,0,0,NaN,NaN,NaN,0
33.1486,-96.8487,NaN,NaN,NaN,NaN,0,0,NaN,NaN,NaN,0
33.1486,-96.9023,NaN,NaN,NaN,NaN,0,0,NaN,NaN,NaN,0
33.1486,-96.956,NaN,NaN,NaN,NaN,0,0,NaN,NaN,NaN,0
33.1486,-97.0096,NaN,NaN,NaN,NaN,0,0,NaN,0,0,0
33.1486,-97.0633,NaN,NaN,NaN,NaN,0,0,NaN,0,0,188
33.1486,-97.1169,NaN,NaN,NaN,NaN,3158544.0184,0,NaN,NaN,NaN,289
33.1486,-97.1706,NaN,-3.5,0,0,115067.3387,0,NaN,NaN,NaN,174
33.1486,-97.2242,0.042553,-4.1,1,1,1834417.0874,2,2.3,0.33333,0.28856,385
33.1486,-97.2779,0.090909,-4.3,1,1,2666085.4591,1,2.1,0.33333,0.25134,705
33.1486,-97.3315,NaN,NaN,NaN,NaN,5078387.4732,0,NaN,NaN,NaN,692
33.1486,-97.3852,NaN,NaN,NaN,NaN,1736443.6269,0,NaN,NaN,NaN,546
33.1486,-97.4388,NaN,NaN,NaN,NaN,2581109.5068,0,NaN,NaN,NaN,658
33.1486,-97.4924,NaN,NaN,NaN,NaN,2275615.874,0,NaN,NaN,NaN,763
33.1486,-97.5461,NaN,NaN,NaN,NaN,2285384.8724,0,NaN,NaN,NaN,446
33.1486,-97.5997,NaN,NaN,NaN,NaN,711259.8624,0,NaN,NaN,NaN,179
33.1486,-97.6534,NaN,NaN,NaN,NaN,1024342.5504,0,NaN,NaN,NaN,280
33.1486,-97.707,NaN,NaN,NaN,NaN,243837.6753,0,NaN,NaN,NaN,250
33.1486,-97.7607,NaN,NaN,NaN,NaN,512027.6324,0,NaN,NaN,NaN,171
33.1486,-97.8143,NaN,NaN,NaN,NaN,347468.5396,0,NaN,NaN,NaN,116
33.1486,-97.868,NaN,NaN,NaN,NaN,152248.809,0,NaN,NaN,NaN,12
33.1486,-97.9216,NaN,NaN,NaN,NaN,54372.4675,0,NaN,NaN,NaN,14
33.1486,-97.9753,NaN,NaN,NaN,NaN,440.9999,0,NaN,NaN,NaN,2
33.1486,-98.0289,NaN,NaN,NaN,NaN,9057.1176,0,NaN,NaN,NaN,92
33.1486,-98.0825,NaN,NaN,NaN,NaN,113884.5056,0,NaN,NaN,NaN,189
33.1486,-98.1362,NaN,NaN,NaN,NaN,898582.4277,0,NaN,NaN,NaN,275
33.1486,-98.1898,NaN,NaN,NaN,NaN,310769.8788,0,NaN,NaN,NaN,351
33.1486,-98.2435,NaN,NaN,NaN,NaN,138737.5016,0,NaN,NaN,NaN,230
33.1486,-98.2971,NaN,NaN,NaN,NaN,25969.9958,0,NaN,NaN,NaN,64
33.1486,-98.3508,NaN,NaN,NaN,NaN,0,0,NaN,NaN,NaN,7
33.1486,-98.4044,NaN,NaN,NaN,NaN,0,0,NaN,NaN,NaN,2
33.1486,-98.4581,NaN,NaN,NaN,NaN,0,0,NaN,NaN,NaN,2
33.1486,-98.5117,NaN,NaN,NaN,NaN,0,0,NaN,NaN,NaN,0
33.1937,-96.5268,NaN,NaN,NaN,NaN,0,0,NaN,NaN,NaN,0
33.1937,-96.5805,NaN,NaN,NaN,NaN,0,0,NaN,NaN,NaN,0
33.1937,-96.6342,NaN,NaN,NaN,NaN,0,0,NaN,NaN,NaN,0
33.1937,-96.6879,NaN,NaN,NaN,NaN,0,0,NaN,NaN,NaN,0
33.1937,-96.7415,NaN,NaN,NaN,NaN,0,0,NaN,NaN,NaN,2
33.1937,-96.7952,NaN,NaN,NaN,NaN,0,0,NaN,NaN,NaN,2
33.1937,-96.8489,NaN,NaN,NaN,NaN,0,0,NaN,NaN,NaN,0
33.1937,-96.9025,NaN,NaN,NaN,NaN,0,0,NaN,NaN,NaN,0
33.1937,-96.9562,NaN,NaN,NaN,NaN,0,0,NaN,NaN,NaN,0
33.1937,-97.0099,NaN,NaN,NaN,NaN,0,0,NaN,NaN,NaN,0
33.1937,-97.0636,NaN,NaN,NaN,NaN,0,0,NaN,NaN,NaN,0
33.1937,-97.1172,NaN,NaN,NaN,NaN,555729.5539,0,NaN,NaN,NaN,241
33.1937,-97.1709,NaN,-4.1,1,1,3719831.7501,0,NaN,NaN,NaN,660
33.1937,-97.2246,NaN,-4.1,1,1,1860456.6309,0,NaN,0.33333,0.18528,1273
33.1937,-97.2783,NaN,-4.1,1,1,2523524.9772,0,NaN,0.33333,0.19342,1203
33.1937,-97.3319,NaN,NaN,NaN,NaN,1422450.9153,0,NaN,NaN,NaN,530
33.1937,-97.3856,NaN,NaN,NaN,NaN,333257.6133,0,NaN,NaN,NaN,325
33.1937,-97.4393,NaN,NaN,NaN,NaN,2027278.9375,0,NaN,NaN,NaN,396
33.1937,-97.493,NaN,NaN,NaN,NaN,1446046.8877,0,NaN,NaN,NaN,317
33.1937,-97.5466,NaN,NaN,NaN,NaN,2025770.3425,0,NaN,NaN,NaN,188
33.1937,-97.6003,NaN,NaN,NaN,NaN,837249.3898,0,NaN,NaN,NaN,164
33.1937,-97.654,NaN,NaN,NaN,NaN,531554.6769,0,NaN,NaN,NaN,236
33.1937,-97.7076,NaN,NaN,NaN,NaN,2059980.1704,0,NaN,NaN,NaN,299
33.1937,-97.7613,NaN,NaN,NaN,NaN,0,0,NaN,NaN,NaN,119
33.1937,-97.815,NaN,NaN,NaN,NaN,0,0,NaN,NaN,NaN,15
33.1937,-97.8687,NaN,NaN,NaN,NaN,0,0,NaN,NaN,NaN,2
33.1937,-97.9223,NaN,NaN,NaN,NaN,0,0,NaN,NaN,NaN,2
33.1937,-97.976,NaN,NaN,NaN,NaN,0,0,NaN,NaN,NaN,0
33.1937,-98.0297,NaN,NaN,NaN,NaN,65120.9896,0,NaN,NaN,NaN,78
33.1937,-98.0834,NaN,NaN,NaN,NaN,377696.9158,0,NaN,NaN,NaN,200
33.1937,-98.137,NaN,NaN,NaN,NaN,653848.3478,0,NaN,NaN,NaN,305
33.1937,-98.1907,NaN,NaN,NaN,NaN,457816.0462,0,NaN,NaN,NaN,351
33.1937,-98.2444,NaN,NaN,NaN,NaN,375004.6567,0,NaN,NaN,NaN,223
33.1937,-98.2981,NaN,NaN,NaN,NaN,36822.4703,0,NaN,NaN,NaN,70
33.1937,-98.3517,NaN,NaN,NaN,NaN,1674.4283,0,NaN,NaN,NaN,17
33.1937,-98.4054,NaN,NaN,NaN,NaN,13073.9979,0,NaN,NaN,NaN,12
33.1937,-98.4591,NaN,NaN,NaN,NaN,0,0,NaN,NaN,NaN,10
33.1937,-98.5127,NaN,NaN,NaN,NaN,0,0,NaN,NaN,NaN,0
33.2387,-96.5269,NaN,NaN,NaN,NaN,0,0,NaN,NaN,NaN,0
33.2387,-96.5806,NaN,NaN,NaN,NaN,0,0,NaN,NaN,NaN,0
33.2387,-96.6343,NaN,NaN,NaN,NaN,0,0,NaN,NaN,NaN,0
33.2387,-96.688,NaN,NaN,NaN,NaN,0,0,NaN,NaN,NaN,0
33.2387,-96.7417,NaN,NaN,NaN,NaN,0,0,NaN,NaN,NaN,2
33.2387,-96.7954,NaN,NaN,NaN,NaN,108237.9827,0,NaN,NaN,NaN,2
33.2387,-96.8491,NaN,NaN,NaN,NaN,0,0,NaN,NaN,NaN,0
33.2387,-96.9028,NaN,NaN,NaN,NaN,0,0,NaN,NaN,NaN,0
33.2387,-96.9565,NaN,NaN,NaN,NaN,0,0,NaN,NaN,NaN,0
33.2387,-97.0102,NaN,NaN,NaN,NaN,0,0,NaN,NaN,NaN,0
33.2387,-97.0639,NaN,NaN,NaN,NaN,0,0,NaN,NaN,NaN,0
33.2387,-97.1176,NaN,NaN,NaN,NaN,0,0,NaN,NaN,NaN,148
33.2387,-97.1713,NaN,NaN,NaN,NaN,2883618.7529,0,NaN,NaN,NaN,774
33.2387,-97.225,NaN,NaN,NaN,NaN,3906935.0416,0,NaN,NaN,NaN,1313
33.2387,-97.2787,NaN,NaN,NaN,NaN,2295109.9423,0,NaN,NaN,NaN,848
33.2387,-97.3324,NaN,NaN,NaN,NaN,2338607.8639,0,NaN,NaN,NaN,521
33.2387,-97.3861,NaN,NaN,NaN,NaN,1069091.8766,0,NaN,NaN,NaN,860
33.2387,-97.4398,NaN,NaN,NaN,NaN,955815.8471,0,NaN,NaN,NaN,633
33.2387,-97.4935,NaN,NaN,NaN,NaN,202419.9676,0,NaN,NaN,NaN,200
33.2387,-97.5472,NaN,NaN,NaN,NaN,1032993.2633,0,NaN,NaN,NaN,168
33.2387,-97.6009,NaN,NaN,NaN,NaN,141880.0963,0,NaN,NaN,NaN,128
33.2387,-97.6546,NaN,NaN,NaN,NaN,0,0,NaN,NaN,NaN,207
33.2387,-97.7083,NaN,NaN,NaN,NaN,1393137.5152,0,NaN,NaN,NaN,397
33.2387,-97.762,NaN,NaN,NaN,NaN,420.9999,0,NaN,NaN,NaN,219
33.2387,-97.8157,NaN,NaN,NaN,NaN,0,0,NaN,NaN,NaN,4
33.2387,-97.8694,NaN,NaN,NaN,NaN,0,0,NaN,NaN,NaN,2
33.2387,-97.9231,NaN,NaN,NaN,NaN,0,0,NaN,NaN,NaN,0
33.2387,-97.9768,NaN,NaN,NaN,NaN,0,0,NaN,NaN,NaN,2
33.2387,-98.0305,NaN,NaN,NaN,NaN,0,0,NaN,NaN,NaN,47
33.2387,-98.0842,NaN,NaN,NaN,NaN,121298.9806,0,NaN,NaN,NaN,127
33.2387,-98.1379,NaN,NaN,NaN,NaN,358035.3237,0,NaN,NaN,NaN,211
33.2387,-98.1916,NaN,NaN,NaN,NaN,414985.8311,0,NaN,NaN,NaN,239
33.2387,-98.2453,NaN,NaN,NaN,NaN,288780.8109,0,NaN,NaN,NaN,140
33.2387,-98.299,NaN,NaN,NaN,NaN,16311.9974,0,NaN,NaN,NaN,45
33.2387,-98.3527,NaN,NaN,NaN,NaN,6983.0465,0,NaN,NaN,NaN,17
33.2387,-98.4064,NaN,NaN,NaN,NaN,585.0237,0,NaN,NaN,NaN,14
33.2387,-98.4601,NaN,NaN,NaN,NaN,0,0,NaN,NaN,NaN,12
33.2387,-98.5138,NaN,NaN,NaN,NaN,0,0,NaN,NaN,NaN,0
33.2838,-96.5269,NaN,NaN,NaN,NaN,0,0,NaN,NaN,NaN,0
33.2838,-96.5806,NaN,NaN,NaN,NaN,0,0,NaN,NaN,NaN,0
33.2838,-96.6343,NaN,NaN,NaN,NaN,0,0,NaN,NaN,NaN,0
33.2838,-96.6881,NaN,NaN,NaN,NaN,0,0,NaN,NaN,NaN,0
33.2838,-96.7418,NaN,NaN,NaN,NaN,0,0,NaN,NaN,NaN,0
33.2838,-96.7955,NaN,NaN,NaN,NaN,0,0,NaN,NaN,NaN,0
33.2838,-96.8492,NaN,NaN,NaN,NaN,0,0,NaN,NaN,NaN,0
33.2838,-96.903,NaN,NaN,NaN,NaN,0,0,NaN,NaN,NaN,0
33.2838,-96.9567,NaN,NaN,NaN,NaN,0,0,NaN,NaN,NaN,0
33.2838,-97.0104,NaN,NaN,NaN,NaN,0,0,NaN,NaN,NaN,0
33.2838,-97.0642,NaN,NaN,NaN,NaN,0,0,NaN,NaN,NaN,0
33.2838,-97.1179,NaN,NaN,NaN,NaN,0,0,NaN,NaN,NaN,0
33.2838,-97.1716,NaN,NaN,NaN,NaN,0,0,NaN,NaN,NaN,274
33.2838,-97.2253,NaN,NaN,NaN,NaN,378951.8441,0,NaN,NaN,NaN,377
33.2838,-97.2791,NaN,NaN,NaN,NaN,1804123.5923,0,NaN,NaN,NaN,330
33.2838,-97.3328,NaN,NaN,NaN,NaN,2068157.4548,0,NaN,NaN,NaN,521
33.2838,-97.3865,NaN,NaN,NaN,NaN,7053882.8238,0,NaN,NaN,NaN,705
33.2838,-97.4403,NaN,NaN,NaN,NaN,72265.9884,0,NaN,NaN,NaN,471
33.2838,-97.494,NaN,NaN,NaN,NaN,647202.5393,0,NaN,NaN,NaN,249
33.2838,-97.5477,NaN,NaN,NaN,NaN,381487.7723,0,NaN,NaN,NaN,249
33.2838,-97.6014,NaN,NaN,NaN,NaN,156090.4988,0,NaN,NaN,NaN,63
33.2838,-97.6552,NaN,NaN,NaN,NaN,188449.5413,0,NaN,NaN,NaN,78
33.2838,-97.7089,NaN,NaN,NaN,NaN,1105187.6565,0,NaN,NaN,NaN,312
33.2838,-97.7626,NaN,NaN,NaN,NaN,8915.9986,0,NaN,0,0,243
33.2838,-97.8164,0.999,NaN,NaN,NaN,36665.0656,1,2.1,0,0,8
33.2838,-97.8701,NaN,NaN,NaN,NaN,0,0,NaN,NaN,NaN,2
33.2838,-97.9238,NaN,NaN,NaN,NaN,0,0,NaN,NaN,NaN,0
33.2838,-97.9775,NaN,NaN,NaN,NaN,0,0,NaN,NaN,NaN,6
33.2838,-98.0313,NaN,NaN,NaN,NaN,11340.7839,0,NaN,NaN,NaN,12
33.2838,-98.085,NaN,NaN,NaN,NaN,21204.9966,0,NaN,NaN,NaN,21
33.2838,-98.1387,NaN,NaN,NaN,NaN,172485.3295,0,NaN,NaN,NaN,130
33.2838,-98.1925,NaN,NaN,NaN,NaN,529857.82,0,NaN,NaN,NaN,220
33.2838,-98.2462,NaN,NaN,NaN,NaN,99068.0556,0,NaN,NaN,NaN,123
33.2838,-98.2999,NaN,NaN,NaN,NaN,0,0,NaN,NaN,NaN,35
33.2838,-98.3536,NaN,NaN,NaN,NaN,13609.9978,0,NaN,NaN,NaN,19
33.2838,-98.4074,NaN,NaN,NaN,NaN,0,0,NaN,NaN,NaN,12
33.2838,-98.4611,NaN,NaN,NaN,NaN,0,0,NaN,NaN,NaN,12
33.2838,-98.5148,NaN,NaN,NaN,NaN,0,0,NaN,NaN,NaN,2
33.3288,-96.5269,NaN,NaN,NaN,NaN,0,0,NaN,NaN,NaN,0
33.3288,-96.5806,NaN,NaN,NaN,NaN,0,0,NaN,NaN,NaN,0
33.3288,-96.6344,NaN,NaN,NaN,NaN,0,0,NaN,NaN,NaN,0
33.3288,-96.6881,NaN,NaN,NaN,NaN,0,0,NaN,NaN,NaN,0
33.3288,-96.7419,NaN,NaN,NaN,NaN,0,0,NaN,NaN,NaN,0
33.3288,-96.7957,NaN,NaN,NaN,NaN,0,0,NaN,NaN,NaN,0
33.3288,-96.8494,NaN,NaN,NaN,NaN,0,0,NaN,NaN,NaN,0
33.3288,-96.9032,NaN,NaN,NaN,NaN,0,0,NaN,NaN,NaN,0
33.3288,-96.9569,NaN,NaN,NaN,NaN,0,0,NaN,NaN,NaN,0
33.3288,-97.0107,NaN,NaN,NaN,NaN,0,0,NaN,NaN,NaN,0
33.3288,-97.0644,NaN,NaN,NaN,NaN,0,0,NaN,NaN,NaN,0
33.3288,-97.1182,NaN,NaN,NaN,NaN,0,0,NaN,NaN,NaN,0
33.3288,-97.172,NaN,NaN,NaN,NaN,0,0,NaN,NaN,NaN,0
33.3288,-97.2257,NaN,NaN,NaN,NaN,139.7857,0,NaN,NaN,NaN,24
33.3288,-97.2795,NaN,NaN,NaN,NaN,1728868.1043,0,NaN,NaN,NaN,181
33.3288,-97.3332,NaN,NaN,NaN,NaN,1362709.9724,0,NaN,NaN,NaN,290
33.3288,-97.387,NaN,NaN,NaN,NaN,172721.9724,0,NaN,NaN,NaN,205
33.3288,-97.4407,NaN,NaN,NaN,NaN,1514580.3529,0,NaN,NaN,NaN,494
33.3288,-97.4945,NaN,NaN,NaN,NaN,1102580.9664,0,NaN,NaN,NaN,669
33.3288,-97.5483,NaN,NaN,NaN,NaN,780111.0418,0,NaN,NaN,NaN,294
33.3288,-97.602,NaN,NaN,NaN,NaN,626180.5427,0,NaN,NaN,NaN,54
33.3288,-97.6558,NaN,NaN,NaN,NaN,100974.9838,0,NaN,NaN,NaN,104
33.3288,-97.7095,NaN,NaN,NaN,NaN,1143995.6503,0,NaN,NaN,NaN,213
33.3288,-97.7633,NaN,NaN,NaN,NaN,1816386.2094,0,NaN,0,0,170
33.3288,-97.817,NaN,NaN,NaN,NaN,317217.9492,0,NaN,0,0,56
33.3288,-97.8708,NaN,NaN,NaN,NaN,499.9999,0,NaN,NaN,NaN,8
33.3288,-97.9245,NaN,NaN,NaN,NaN,0,0,NaN,NaN,NaN,6
33.3288,-97.9783,NaN,NaN,NaN,NaN,4415.9993,0,NaN,NaN,NaN,4
33.3288,-98.0321,NaN,NaN,NaN,NaN,0,0,NaN,NaN,NaN,24
33.3288,-98.0858,NaN,NaN,NaN,NaN,20689.2586,0,NaN,NaN,NaN,28
33.3288,-98.1396,NaN,NaN,NaN,NaN,42227.8742,0,NaN,NaN,NaN,51
33.3288,-98.1933,NaN,NaN,NaN,NaN,220332.1571,0,NaN,NaN,NaN,111
33.3288,-98.2471,NaN,NaN,NaN,NaN,199081.9681,0,NaN,NaN,NaN,101
33.3288,-98.3008,NaN,NaN,NaN,NaN,86426.0338,0,NaN,NaN,NaN,67
33.3288,-98.3546,NaN,NaN,NaN,NaN,39437.15,0,NaN,NaN,NaN,38
33.3288,-98.4084,NaN,NaN,NaN,NaN,3176.6423,0,NaN,NaN,NaN,12
33.3288,-98.4621,NaN,NaN,NaN,NaN,1875.7378,0,NaN,NaN,NaN,10
33.3288,-98.5159,NaN,NaN,NaN,NaN,0,0,NaN,NaN,NaN,2
33.3739,-96.5269,NaN,NaN,NaN,NaN,0,0,NaN,NaN,NaN,0
33.3739,-96.5807,NaN,NaN,NaN,NaN,0,0,NaN,NaN,NaN,0
33.3739,-96.6345,NaN,NaN,NaN,NaN,0,0,NaN,NaN,NaN,0
33.3739,-96.6882,NaN,NaN,NaN,NaN,0,0,NaN,NaN,NaN,0
33.3739,-96.742,NaN,NaN,NaN,NaN,0,0,NaN,NaN,NaN,0
33.3739,-96.7958,NaN,NaN,NaN,NaN,0,0,NaN,NaN,NaN,0
33.3739,-96.8496,NaN,NaN,NaN,NaN,0,0,NaN,NaN,NaN,0
33.3739,-96.9034,NaN,NaN,NaN,NaN,0,0,NaN,NaN,NaN,0
33.3739,-96.9572,NaN,NaN,NaN,NaN,0,0,NaN,NaN,NaN,0
33.3739,-97.011,NaN,NaN,NaN,NaN,0,0,NaN,NaN,NaN,0
33.3739,-97.0647,NaN,NaN,NaN,NaN,0,0,NaN,NaN,NaN,0
33.3739,-97.1185,NaN,NaN,NaN,NaN,0,0,NaN,NaN,NaN,0
33.3739,-97.1723,NaN,NaN,NaN,NaN,0,0,NaN,NaN,NaN,0
33.3739,-97.2261,NaN,NaN,NaN,NaN,0,0,NaN,NaN,NaN,0
33.3739,-97.2799,NaN,NaN,NaN,NaN,0,0,NaN,NaN,NaN,0
33.3739,-97.3337,NaN,NaN,NaN,NaN,0,0,NaN,NaN,NaN,97
33.3739,-97.3874,NaN,NaN,NaN,NaN,1016768.6707,0,NaN,NaN,NaN,249
33.3739,-97.4412,NaN,NaN,NaN,NaN,1954994.6396,0,NaN,NaN,NaN,755
33.3739,-97.495,NaN,NaN,NaN,NaN,3424831.4758,0,NaN,NaN,NaN,960
33.3739,-97.5488,NaN,NaN,NaN,NaN,1494237.499,0,NaN,NaN,NaN,479
33.3739,-97.6026,NaN,NaN,NaN,NaN,382606.3674,0,NaN,NaN,NaN,179
33.3739,-97.6564,NaN,NaN,NaN,NaN,106515.5068,0,NaN,NaN,NaN,150
33.3739,-97.7101,NaN,NaN,NaN,NaN,542116.8895,0,NaN,NaN,NaN,214
33.3739,-97.7639,NaN,NaN,NaN,NaN,768505.4723,0,NaN,NaN,NaN,179
33.3739,-97.8177,NaN,NaN,NaN,NaN,0,0,NaN,NaN,NaN,115
33.3739,-97.8715,NaN,NaN,NaN,NaN,195898.9687,0,NaN,NaN,NaN,71
33.3739,-97.9253,NaN,NaN,NaN,NaN,0,0,NaN,NaN,NaN,18
33.3739,-97.9791,NaN,NaN,NaN,NaN,15199.9976,0,NaN,NaN,NaN,28
33.3739,-98.0329,NaN,NaN,NaN,NaN,21979.9965,0,NaN,NaN,NaN,44
33.3739,-98.0866,NaN,NaN,NaN,NaN,0,0,NaN,NaN,NaN,24
33.3739,-98.1404,NaN,NaN,NaN,NaN,0,0,NaN,NaN,NaN,34
33.3739,-98.1942,NaN,NaN,NaN,NaN,46414.3973,0,NaN,NaN,NaN,53
33.3739,-98.248,NaN,NaN,NaN,NaN,92246.1043,0,NaN,NaN,NaN,51
33.3739,-98.3018,NaN,NaN,NaN,NaN,641.9047,0,NaN,NaN,NaN,49
33.3739,-98.3556,NaN,NaN,NaN,NaN,0,0,NaN,NaN,NaN,27
33.3739,-98.4093,NaN,NaN,NaN,NaN,0,0,NaN,NaN,NaN,6
33.3739,-98.4631,NaN,NaN,NaN,NaN,0,0,NaN,NaN,NaN,0
33.3739,-98.5169,NaN,NaN,NaN,NaN,80,0,NaN,NaN,NaN,12
33.4189,-96.5269,NaN,NaN,NaN,NaN,204843.9672,0,NaN,NaN,NaN,36
33.4189,-96.5807,NaN,NaN,NaN,NaN,0,0,NaN,NaN,NaN,7
33.4189,-96.6345,NaN,NaN,NaN,NaN,0,0,NaN,NaN,NaN,0
33.4189,-96.6883,NaN,NaN,NaN,NaN,0,0,NaN,NaN,NaN,0
33.4189,-96.7422,NaN,NaN,NaN,NaN,0,0,NaN,NaN,NaN,0
33.4189,-96.796,NaN,NaN,NaN,NaN,0,0,NaN,NaN,NaN,6
33.4189,-96.8498,NaN,NaN,NaN,NaN,0,0,NaN,NaN,NaN,6
33.4189,-96.9036,NaN,NaN,NaN,NaN,0,0,NaN,NaN,NaN,0
33.4189,-96.9574,NaN,NaN,NaN,NaN,0,0,NaN,NaN,NaN,0
33.4189,-97.0112,NaN,NaN,NaN,NaN,0,0,NaN,NaN,NaN,0
33.4189,-97.065,NaN,NaN,NaN,NaN,0,0,NaN,NaN,NaN,0
33.4189,-97.1188,NaN,NaN,NaN,NaN,0,0,NaN,NaN,NaN,0
33.4189,-97.1727,NaN,NaN,NaN,NaN,0,0,NaN,NaN,NaN,0
33.4189,-97.2265,NaN,NaN,NaN,NaN,0,0,NaN,NaN,NaN,0
33.4189,-97.2803,NaN,NaN,NaN,NaN,0,0,NaN,NaN,NaN,0
33.4189,-97.3341,NaN,NaN,NaN,NaN,0,0,NaN,NaN,NaN,16
33.4189,-97.3879,NaN,NaN,NaN,NaN,409428.9345,0,NaN,NaN,NaN,265
33.4189,-97.4417,NaN,NaN,NaN,NaN,2688895.7841,0,NaN,NaN,NaN,586
33.4189,-97.4955,NaN,NaN,NaN,NaN,1484235.2149,0,NaN,NaN,NaN,726
33.4189,-97.5493,NaN,NaN,NaN,NaN,2546979.283,0,NaN,NaN,NaN,667
33.4189,-97.6031,NaN,NaN,NaN,NaN,1239641.8017,0,NaN,NaN,NaN,426
33.4189,-97.657,NaN,NaN,NaN,NaN,1053335.9981,0,NaN,NaN,NaN,195
33.4189,-97.7108,NaN,NaN,NaN,NaN,1030555.0732,0,NaN,NaN,NaN,223
33.4189,-97.7646,NaN,NaN,NaN,NaN,740879.8815,0,NaN,NaN,NaN,276
33.4189,-97.8184,NaN,NaN,NaN,NaN,1142149.8173,0,NaN,NaN,NaN,203
33.4189,-97.8722,NaN,NaN,NaN,NaN,230464.2488,0,NaN,NaN,NaN,137
33.4189,-97.926,NaN,NaN,NaN,NaN,0,0,NaN,NaN,NaN,46
33.4189,-97.9798,NaN,NaN,NaN,NaN,5962.499,0,NaN,NaN,NaN,36
33.4189,-98.0336,NaN,NaN,NaN,NaN,13486.9978,0,NaN,NaN,NaN,28
33.4189,-98.0875,NaN,NaN,NaN,NaN,8926.5938,0,NaN,NaN,NaN,74
33.4189,-98.1413,NaN,NaN,NaN,NaN,129357.5269,0,NaN,NaN,NaN,154
33.4189,-98.1951,NaN,NaN,NaN,NaN,41361.2553,0,NaN,NaN,NaN,107
33.4189,-98.2489,NaN,NaN,NaN,NaN,22694.8059,0,NaN,NaN,NaN,62
33.4189,-98.3027,NaN,NaN,NaN,NaN,42776.4932,0,NaN,NaN,NaN,77
33.4189,-98.3565,NaN,NaN,NaN,NaN,0,0,NaN,NaN,NaN,38
33.4189,-98.4103,NaN,NaN,NaN,NaN,120,0,NaN,NaN,NaN,4
33.4189,-98.4641,NaN,NaN,NaN,NaN,0,0,NaN,NaN,NaN,4
33.4189,-98.518,NaN,NaN,NaN,NaN,2796.9281,0,NaN,NaN,NaN,28
33.464,-96.5269,NaN,NaN,NaN,NaN,600409.1896,0,NaN,NaN,NaN,36
33.464,-96.5808,NaN,NaN,NaN,NaN,0,0,NaN,NaN,NaN,7
33.464,-96.6346,NaN,NaN,NaN,NaN,0,0,NaN,NaN,NaN,4
33.464,-96.6884,NaN,NaN,NaN,NaN,0,0,NaN,NaN,NaN,4
33.464,-96.7423,NaN,NaN,NaN,NaN,0,0,NaN,NaN,NaN,0
33.464,-96.7961,NaN,NaN,NaN,NaN,0,0,NaN,NaN,NaN,6
33.464,-96.85,NaN,NaN,NaN,NaN,167752.9732,0,NaN,NaN,NaN,6
33.464,-96.9038,NaN,NaN,NaN,NaN,0,0,NaN,NaN,NaN,0
33.464,-96.9576,NaN,NaN,NaN,NaN,0,0,NaN,NaN,NaN,0
33.464,-97.0115,NaN,NaN,NaN,NaN,0,0,NaN,NaN,NaN,0
33.464,-97.0653,NaN,NaN,NaN,NaN,0,0,NaN,NaN,NaN,0
33.464,-97.1192,NaN,NaN,NaN,NaN,0,0,NaN,NaN,NaN,0
33.464,-97.173,NaN,NaN,NaN,NaN,0,0,NaN,NaN,NaN,0
33.464,-97.2268,NaN,NaN,NaN,NaN,0,0,NaN,NaN,NaN,0
33.464,-97.2807,NaN,NaN,NaN,NaN,0,0,NaN,NaN,NaN,0
33.464,-97.3345,NaN,NaN,NaN,NaN,70164.9888,0,NaN,NaN,NaN,15
33.464,-97.3884,NaN,NaN,NaN,NaN,2959715.5064,0,NaN,NaN,NaN,551
33.464,-97.4422,NaN,NaN,NaN,NaN,1532122.7549,0,NaN,NaN,NaN,1182
33.464,-97.496,NaN,NaN,NaN,NaN,1829658.6596,0,NaN,NaN,NaN,994
33.464,-97.5499,NaN,NaN,NaN,NaN,1721327.1293,0,NaN,NaN,NaN,625
33.464,-97.6037,NaN,NaN,NaN,NaN,1608135.7427,0,NaN,NaN,NaN,489
33.464,-97.6576,NaN,NaN,NaN,NaN,1046722.8801,0,NaN,NaN,NaN,406
33.464,-97.7114,NaN,NaN,NaN,NaN,868387.8611,0,NaN,NaN,NaN,559
33.464,-97.7652,NaN,NaN,NaN,NaN,380826.7962,0,NaN,NaN,NaN,552
33.464,-97.8191,NaN,NaN,NaN,NaN,1381255.4219,0,NaN,NaN,NaN,484
33.464,-97.8729,NaN,NaN,NaN,NaN,645253.8968,0,NaN,NaN,NaN,323
33.464,-97.9268,NaN,NaN,NaN,NaN,5076.2373,0,NaN,NaN,NaN,40
33.464,-97.9806,NaN,NaN,NaN,NaN,0,0,NaN,NaN,NaN,14
33.464,-98.0344,NaN,NaN,NaN,NaN,0,0,NaN,NaN,NaN,6
33.464,-98.0883,NaN,NaN,NaN,NaN,699.1666,0,NaN,NaN,NaN,84
33.464,-98.1421,NaN,NaN,NaN,NaN,667546.6075,0,NaN,NaN,NaN,152
33.464,-98.196,NaN,NaN,NaN,NaN,35244.8991,0,NaN,NaN,NaN,90
33.464,-98.2498,NaN,NaN,NaN,NaN,8599.9986,0,NaN,NaN,NaN,50
33.464,-98.3036,NaN,NaN,NaN,NaN,57141.6813,0,NaN,NaN,NaN,84
33.464,-98.3575,NaN,NaN,NaN,NaN,0,0,NaN,NaN,NaN,50
33.464,-98.4113,NaN,NaN,NaN,NaN,0,0,NaN,NaN,NaN,6
33.464,-98.4652,NaN,NaN,NaN,NaN,0,0,NaN,NaN,NaN,10
33.464,-98.519,NaN,NaN,NaN,NaN,0,0,NaN,NaN,NaN,20
33.509,-96.5269,NaN,NaN,NaN,NaN,0,0,NaN,NaN,NaN,0
33.509,-96.5808,NaN,NaN,NaN,NaN,0,0,NaN,NaN,NaN,0
33.509,-96.6347,NaN,NaN,NaN,NaN,0,0,NaN,NaN,NaN,4
33.509,-96.6885,NaN,NaN,NaN,NaN,949.9998,0,NaN,NaN,NaN,10
33.509,-96.7424,NaN,NaN,NaN,NaN,0,0,NaN,NaN,NaN,6
33.509,-96.7963,NaN,NaN,NaN,NaN,0,0,NaN,NaN,NaN,0
33.509,-96.8501,NaN,NaN,NaN,NaN,0,0,NaN,NaN,NaN,0
33.509,-96.904,NaN,NaN,NaN,NaN,0,0,NaN,NaN,NaN,0
33.509,-96.9579,NaN,NaN,NaN,NaN,0,0,NaN,NaN,NaN,0
33.509,-97.0117,NaN,NaN,NaN,NaN,0,0,NaN,NaN,NaN,0
33.509,-97.0656,NaN,NaN,NaN,NaN,624.9761,0,NaN,NaN,NaN,6
33.509,-97.1195,NaN,NaN,NaN,NaN,47188.9924,0,NaN,NaN,NaN,9
33.509,-97.1734,NaN,NaN,NaN,NaN,0,0,NaN,NaN,NaN,3
33.509,-97.2272,NaN,NaN,NaN,NaN,0,0,NaN,NaN,NaN,0
33.509,-97.2811,NaN,NaN,NaN,NaN,0,0,NaN,NaN,NaN,0
33.509,-97.335,NaN,NaN,NaN,NaN,0,0,NaN,NaN,NaN,15
33.509,-97.3888,NaN,NaN,NaN,NaN,215137.9656,0,NaN,NaN,NaN,452
33.509,-97.4427,NaN,NaN,NaN,NaN,7212567.1317,0,NaN,NaN,NaN,1583
33.509,-97.4966,NaN,NaN,NaN,NaN,8612469.622,0,NaN,NaN,NaN,1732
33.509,-97.5504,NaN,NaN,NaN,NaN,1509268.7585,0,NaN,NaN,NaN,806
33.509,-97.6043,NaN,NaN,NaN,NaN,526377.9158,0,NaN,NaN,NaN,436
33.509,-97.6582,NaN,NaN,NaN,NaN,1636278.1668,0,NaN,NaN,NaN,563
33.509,-97.712,NaN,NaN,NaN,NaN,4044529.0672,0,NaN,NaN,NaN,948
33.509,-97.7659,NaN,NaN,NaN,NaN,2157915.6547,0,NaN,NaN,NaN,896
33.509,-97.8198,NaN,NaN,NaN,NaN,472991.9243,0,NaN,NaN,NaN,623
33.509,-97.8736,NaN,NaN,NaN,NaN,1345962.7846,0,NaN,NaN,NaN,413
33.509,-97.9275,NaN,NaN,NaN,NaN,0,0,NaN,NaN,NaN,91
33.509,-97.9814,NaN,NaN,NaN,NaN,1204.7141,0,NaN,NaN,NaN,6
33.509,-98.0352,NaN,NaN,NaN,NaN,0,0,NaN,NaN,NaN,2
33.509,-98.0891,NaN,NaN,NaN,NaN,0,0,NaN,NaN,NaN,8
33.509,-98.143,NaN,NaN,NaN,NaN,0,0,NaN,NaN,NaN,20
33.509,-98.1968,NaN,NaN,NaN,NaN,0,0,NaN,NaN,NaN,16
33.509,-98.2507,NaN,NaN,NaN,NaN,3322.9995,0,NaN,NaN,NaN,10
33.509,-98.3046,NaN,NaN,NaN,NaN,36767.9941,0,NaN,NaN,NaN,30
33.509,-98.3584,NaN,NaN,NaN,NaN,0,0,NaN,NaN,NaN,22
33.509,-98.4123,NaN,NaN,NaN,NaN,0,0,NaN,NaN,NaN,12
33.509,-98.4662,NaN,NaN,NaN,NaN,1641.5712,0,NaN,NaN,NaN,16
33.509,-98.5201,NaN,NaN,NaN,NaN,218.7143,0,NaN,NaN,NaN,4
33.5541,-96.5269,NaN,NaN,NaN,NaN,0,0,NaN,NaN,NaN,4
33.5541,-96.5808,NaN,NaN,NaN,NaN,154.8809,0,NaN,NaN,NaN,22
33.5541,-96.6347,NaN,NaN,NaN,NaN,78279.9875,0,NaN,NaN,NaN,18
33.5541,-96.6886,NaN,NaN,NaN,NaN,30993.0427,0,NaN,NaN,NaN,6
33.5541,-96.7425,NaN,NaN,NaN,NaN,0,0,NaN,NaN,NaN,6
33.5541,-96.7964,NaN,NaN,NaN,NaN,0,0,NaN,NaN,NaN,0
33.5541,-96.8503,NaN,NaN,NaN,NaN,0,0,NaN,NaN,NaN,6
33.5541,-96.9042,NaN,NaN,NaN,NaN,0,0,NaN,0,0,6
33.5541,-96.9581,NaN,NaN,NaN,NaN,0,0,NaN,0,0,0
33.5541,-97.012,NaN,NaN,NaN,NaN,0,0,NaN,NaN,NaN,0
33.5541,-97.0659,NaN,NaN,NaN,NaN,0,0,NaN,NaN,NaN,6
33.5541,-97.1198,NaN,NaN,NaN,NaN,0,0,NaN,NaN,NaN,9
33.5541,-97.1737,NaN,NaN,NaN,NaN,0,0,NaN,NaN,NaN,3
33.5541,-97.2276,NaN,NaN,NaN,NaN,0,0,NaN,NaN,NaN,0
33.5541,-97.2815,NaN,NaN,NaN,NaN,0,0,NaN,NaN,NaN,0
33.5541,-97.3354,NaN,NaN,NaN,NaN,0,0,NaN,NaN,NaN,0
33.5541,-97.3893,NaN,NaN,NaN,NaN,0,0,NaN,NaN,NaN,53
33.5541,-97.4432,NaN,NaN,NaN,NaN,3727769.4036,0,NaN,NaN,NaN,1330
33.5541,-97.4971,NaN,NaN,NaN,NaN,5885443.5583,0,NaN,NaN,NaN,1844
33.5541,-97.551,NaN,NaN,NaN,NaN,1413959.7738,0,NaN,NaN,NaN,721
33.5541,-97.6049,NaN,NaN,NaN,NaN,533946.6289,0,NaN,NaN,NaN,257
33.5541,-97.6588,NaN,NaN,NaN,NaN,281981.9549,0,NaN,NaN,NaN,350
33.5541,-97.7127,NaN,NaN,NaN,NaN,3460563.4463,0,NaN,NaN,NaN,857
33.5541,-97.7666,NaN,NaN,NaN,NaN,4039718.3536,0,NaN,NaN,NaN,1252
33.5541,-97.8205,NaN,NaN,NaN,NaN,1941604.6893,0,NaN,NaN,NaN,1038
33.5541,-97.8744,NaN,NaN,NaN,NaN,721176.8846,0,NaN,NaN,NaN,712
33.5541,-97.9282,NaN,NaN,NaN,NaN,1698914.3234,0,NaN,NaN,NaN,446
33.5541,-97.9821,NaN,NaN,NaN,NaN,0,0,NaN,NaN,NaN,130
33.5541,-98.036,NaN,NaN,NaN,NaN,0,0,NaN,NaN,NaN,0
33.5541,-98.0899,NaN,NaN,NaN,NaN,0,0,NaN,NaN,NaN,6
33.5541,-98.1438,NaN,NaN,NaN,NaN,0,0,NaN,NaN,NaN,6
33.5541,-98.1977,NaN,NaN,NaN,NaN,0,0,NaN,NaN,NaN,0
33.5541,-98.2516,NaN,NaN,NaN,NaN,0,0,NaN,NaN,NaN,10
33.5541,-98.3055,NaN,NaN,NaN,NaN,46281.9926,0,NaN,NaN,NaN,24
33.5541,-98.3594,NaN,NaN,NaN,NaN,0,0,NaN,NaN,NaN,14
33.5541,-98.4133,NaN,NaN,NaN,NaN,0,0,NaN,NaN,NaN,10
33.5541,-98.4672,NaN,NaN,NaN,NaN,218.7143,0,NaN,NaN,NaN,10
33.5541,-98.5211,NaN,NaN,NaN,NaN,0,0,NaN,NaN,NaN,0
33.5991,-96.527,NaN,NaN,NaN,NaN,0,0,NaN,NaN,NaN,4
33.5991,-96.5809,NaN,NaN,NaN,NaN,0,0,NaN,NaN,NaN,22
33.5991,-96.6348,NaN,NaN,NaN,NaN,0,0,NaN,NaN,NaN,18
33.5991,-96.6887,NaN,NaN,NaN,NaN,0,0,NaN,NaN,NaN,8
33.5991,-96.7427,NaN,NaN,NaN,NaN,708.8094,0,NaN,NaN,NaN,8
33.5991,-96.7966,NaN,NaN,NaN,NaN,0,0,NaN,NaN,NaN,2
33.5991,-96.8505,NaN,NaN,NaN,NaN,2325.4044,0,NaN,NaN,NaN,8
33.5991,-96.9044,0.999,NaN,NaN,NaN,1051.0236,1,2.5,0,0,6
33.5991,-96.9584,NaN,NaN,NaN,NaN,0,0,NaN,0,0,0
33.5991,-97.0123,NaN,NaN,NaN,NaN,0,0,NaN,NaN,NaN,0
33.5991,-97.0662,NaN,NaN,NaN,NaN,0,0,NaN,NaN,NaN,0
33.5991,-97.1201,NaN,NaN,NaN,NaN,0,0,NaN,NaN,NaN,0
33.5991,-97.1741,NaN,NaN,NaN,NaN,0,0,NaN,NaN,NaN,0
33.5991,-97.228,NaN,NaN,NaN,NaN,0,0,NaN,NaN,NaN,0
33.5991,-97.2819,NaN,NaN,NaN,NaN,0,0,NaN,NaN,NaN,0
33.5991,-97.3358,NaN,NaN,NaN,NaN,0,0,NaN,NaN,NaN,0
33.5991,-97.3898,NaN,NaN,NaN,NaN,0,0,NaN,NaN,NaN,0
33.5991,-97.4437,NaN,NaN,NaN,NaN,1763944.7178,0,NaN,NaN,NaN,958
33.5991,-97.4976,NaN,NaN,NaN,NaN,5444565.3189,0,NaN,NaN,NaN,1551
33.5991,-97.5515,NaN,NaN,NaN,NaN,1118790.821,0,NaN,NaN,NaN,751
33.5991,-97.6054,NaN,NaN,NaN,NaN,2763538.5578,0,NaN,NaN,NaN,415
33.5991,-97.6594,NaN,NaN,NaN,NaN,414988.9336,0,NaN,NaN,NaN,346
33.5991,-97.7133,NaN,NaN,NaN,NaN,1128885.0099,0,NaN,NaN,NaN,735
33.5991,-97.7672,NaN,NaN,NaN,NaN,4220496.0647,0,NaN,NaN,NaN,1487
33.5991,-97.8211,NaN,NaN,NaN,NaN,4666530.2305,0,NaN,NaN,NaN,1707
33.5991,-97.8751,NaN,NaN,NaN,NaN,2823563.5482,0,NaN,NaN,NaN,1226
33.5991,-97.929,NaN,NaN,NaN,NaN,1775938.1444,0,NaN,NaN,NaN,627
33.5991,-97.9829,NaN,NaN,NaN,NaN,313643.9498,0,NaN,NaN,NaN,272
33.5991,-98.0368,NaN,NaN,NaN,NaN,0,0,NaN,NaN,NaN,5
33.5991,-98.0908,NaN,NaN,NaN,NaN,0,0,NaN,NaN,NaN,8
33.5991,-98.1447,NaN,NaN,NaN,NaN,912.3094,0,NaN,NaN,NaN,8
33.5991,-98.1986,NaN,NaN,NaN,NaN,487.9999,0,NaN,NaN,NaN,2
33.5991,-98.2525,NaN,NaN,NaN,NaN,2729.0234,0,NaN,NaN,NaN,10
33.5991,-98.3065,NaN,NaN,NaN,NaN,0,0,NaN,NaN,NaN,16
33.5991,-98.3604,NaN,NaN,NaN,NaN,0,0,NaN,NaN,NaN,8
33.5991,-98.4143,NaN,NaN,NaN,NaN,0,0,NaN,NaN,NaN,0
33.5991,-98.4682,NaN,NaN,NaN,NaN,0,0,NaN,NaN,NaN,0
33.5991,-98.5222,NaN,NaN,NaN,NaN,0,0,NaN,NaN,NaN,0
33.6441,-96.527,NaN,NaN,NaN,NaN,0,0,NaN,NaN,NaN,21
33.6441,-96.5809,NaN,NaN,NaN,NaN,17946.0209,0,NaN,NaN,NaN,21
33.6441,-96.6349,NaN,NaN,NaN,NaN,0,0,NaN,NaN,NaN,0
33.6441,-96.6888,NaN,NaN,NaN,NaN,0,0,NaN,0,0,13
33.6441,-96.7428,NaN,-2.5,0,0,4935.9992,0,NaN,0,0,21
33.6441,-96.7967,NaN,NaN,NaN,NaN,0,0,NaN,NaN,NaN,10
33.6441,-96.8507,NaN,NaN,NaN,NaN,0,0,NaN,NaN,NaN,2
33.6441,-96.9046,NaN,NaN,NaN,NaN,0,0,NaN,NaN,NaN,0
33.6441,-96.9586,NaN,NaN,NaN,NaN,0,0,NaN,NaN,NaN,0
33.6441,-97.0125,NaN,NaN,NaN,NaN,0,0,NaN,NaN,NaN,0
33.6441,-97.0665,NaN,NaN,NaN,NaN,0,0,NaN,0,0,0
33.6441,-97.1205,NaN,NaN,NaN,NaN,0,0,NaN,0,0,0
33.6441,-97.1744,NaN,NaN,NaN,NaN,0,0,NaN,NaN,NaN,0
33.6441,-97.2284,NaN,NaN,NaN,NaN,0,0,NaN,NaN,NaN,0
33.6441,-97.2823,NaN,NaN,NaN,NaN,0,0,NaN,NaN,NaN,2
33.6441,-97.3363,NaN,NaN,NaN,NaN,0,0,NaN,NaN,NaN,18
33.6441,-97.3902,NaN,NaN,NaN,NaN,0,0,NaN,NaN,NaN,16
33.6441,-97.4442,NaN,NaN,NaN,NaN,908451.8546,0,NaN,NaN,NaN,386
33.6441,-97.4981,NaN,NaN,NaN,NaN,1953576.6874,0,NaN,NaN,NaN,768
33.6441,-97.5521,NaN,NaN,NaN,NaN,82441.9868,0,NaN,NaN,NaN,520
33.6441,-97.606,NaN,NaN,NaN,NaN,1579411.6282,0,NaN,NaN,NaN,514
33.6441,-97.66,NaN,NaN,NaN,NaN,396596.9365,0,NaN,NaN,NaN,436
33.6441,-97.7139,NaN,NaN,NaN,NaN,97265.9844,0,NaN,NaN,NaN,412
33.6441,-97.7679,NaN,NaN,NaN,NaN,1403140.7755,0,NaN,NaN,NaN,739
33.6441,-97.8218,NaN,NaN,NaN,NaN,1521219.7566,0,NaN,NaN,NaN,1063
33.6441,-97.8758,NaN,NaN,NaN,NaN,4019027.357,0,NaN,NaN,NaN,1136
33.6441,-97.9297,NaN,NaN,NaN,NaN,1624236.7401,0,NaN,NaN,NaN,634
33.6441,-97.9837,NaN,NaN,NaN,NaN,103006.9835,0,NaN,NaN,NaN,229
33.6441,-98.0376,NaN,NaN,NaN,NaN,96169.9846,0,NaN,NaN,NaN,55
33.6441,-98.0916,NaN,NaN,NaN,NaN,0,0,NaN,NaN,NaN,2
33.6441,-98.1456,NaN,NaN,NaN,NaN,0,0,NaN,NaN,NaN,2
33.6441,-98.1995,NaN,NaN,NaN,NaN,0,0,NaN,NaN,NaN,2
33.6441,-98.2535,NaN,NaN,NaN,NaN,0,0,NaN,NaN,NaN,4
33.6441,-98.3074,NaN,NaN,NaN,NaN,975.357,0,NaN,NaN,NaN,6
33.6441,-98.3614,NaN,NaN,NaN,NaN,154.9762,0,NaN,NaN,NaN,4
33.6441,-98.4153,NaN,NaN,NaN,NaN,0,0,NaN,NaN,NaN,0
33.6441,-98.4693,NaN,NaN,NaN,NaN,0,0,NaN,NaN,NaN,0
33.6441,-98.5232,NaN,NaN,NaN,NaN,0,0,NaN,NaN,NaN,0
33.6892,-96.527,NaN,NaN,NaN,NaN,0,0,NaN,NaN,NaN,21
33.6892,-96.581,NaN,-1.9,0,0,62236.1805,0,NaN,NaN,NaN,35
33.6892,-96.635,0.001,-2.4,0,0,50896.23,1,2.4,0.6,0.59623,18
33.6892,-96.6889,0.001,-2.5,0,0,297796.4762,4,2.7,0.625,0.61911,27
33.6892,-96.7429,NaN,-2.5,0,0,130413.8363,0,NaN,0.66667,0.65248,61
33.6892,-96.7969,NaN,NaN,NaN,NaN,137074.0495,0,NaN,0,0,38
33.6892,-96.8509,NaN,NaN,NaN,NaN,0,0,NaN,0,0,12
33.6892,-96.9049,NaN,NaN,NaN,NaN,115345.9815,0,NaN,NaN,NaN,20
33.6892,-96.9588,NaN,NaN,NaN,NaN,0,0,NaN,NaN,NaN,8
33.6892,-97.0128,NaN,NaN,NaN,NaN,0,0,NaN,NaN,NaN,0
33.6892,-97.0668,NaN,NaN,NaN,NaN,0,0,NaN,0,0,0
33.6892,-97.1208,NaN,NaN,NaN,NaN,0,1,2.2,0,0,0
33.6892,-97.1748,NaN,NaN,NaN,NaN,0,0,NaN,NaN,NaN,0
33.6892,-97.2287,NaN,NaN,NaN,NaN,0,0,NaN,NaN,NaN,0
33.6892,-97.2827,NaN,NaN,NaN,NaN,0,0,NaN,NaN,NaN,2
33.6892,-97.3367,NaN,NaN,NaN,NaN,462.4523,0,NaN,NaN,NaN,18
33.6892,-97.3907,NaN,NaN,NaN,NaN,1835.6664,0,NaN,NaN,NaN,16
33.6892,-97.4447,NaN,NaN,NaN,NaN,0,0,NaN,NaN,NaN,37
33.6892,-97.4986,NaN,NaN,NaN,NaN,157878.9747,0,NaN,NaN,NaN,73
33.6892,-97.5526,NaN,NaN,NaN,NaN,411829.9341,0,NaN,NaN,NaN,101
33.6892,-97.6066,NaN,NaN,NaN,NaN,1370121.7808,0,NaN,NaN,NaN,505
33.6892,-97.6606,NaN,NaN,NaN,NaN,2536485.6418,0,NaN,NaN,NaN,517
33.6892,-97.7146,NaN,NaN,NaN,NaN,11356.8077,0,NaN,NaN,NaN,87
33.6892,-97.7685,NaN,NaN,NaN,NaN,0,0,NaN,NaN,NaN,10
33.6892,-97.8225,NaN,NaN,NaN,NaN,0,0,NaN,NaN,NaN,117
33.6892,-97.8765,NaN,NaN,NaN,NaN,916598.6572,0,NaN,NaN,NaN,479
33.6892,-97.9305,NaN,NaN,NaN,NaN,260383.9583,0,NaN,NaN,NaN,387
33.6892,-97.9845,NaN,NaN,NaN,NaN,0,0,NaN,NaN,NaN,86
33.6892,-98.0385,NaN,NaN,NaN,NaN,266150.4336,0,NaN,NaN,NaN,85
33.6892,-98.0924,NaN,NaN,NaN,NaN,87801.986,0,NaN,NaN,NaN,24
33.6892,-98.1464,NaN,NaN,NaN,NaN,0,0,NaN,NaN,NaN,0
33.6892,-98.2004,NaN,NaN,NaN,NaN,0,0,NaN,NaN,NaN,0
33.6892,-98.2544,NaN,NaN,NaN,NaN,0,0,NaN,NaN,NaN,0
33.6892,-98.3084,NaN,NaN,NaN,NaN,0,0,NaN,NaN,NaN,4
33.6892,-98.3623,NaN,NaN,NaN,NaN,0,0,NaN,NaN,NaN,10
33.6892,-98.4163,NaN,NaN,NaN,NaN,3472.6899,0,NaN,NaN,NaN,14
33.6892,-98.4703,NaN,NaN,NaN,NaN,0,0,NaN,NaN,NaN,10
33.6892,-98.5243,NaN,NaN,NaN,NaN,206.0714,0,NaN,NaN,NaN,4
33.7342,-96.527,NaN,NaN,NaN,NaN,0,0,NaN,NaN,NaN,0
33.7342,-96.581,NaN,NaN,NaN,NaN,0,0,NaN,NaN,NaN,14
33.7342,-96.635,0.001,-2,0,0,72966.5359,3,2.8,0.6,0.59288,34
33.7342,-96.689,NaN,-2.3,0,0,33602.6375,0,NaN,0.71429,0.69634,72
33.7342,-96.743,NaN,-3.1,0,0,962971.2269,0,NaN,1,0.95708,123
33.7342,-96.797,0.999,NaN,NaN,NaN,238138.4381,1,2.7,0,0,77
33.7342,-96.8511,NaN,NaN,NaN,NaN,263405.8388,0,NaN,0,0,106
33.7342,-96.9051,NaN,NaN,NaN,NaN,626296.6141,0,NaN,NaN,NaN,122
33.7342,-96.9591,NaN,NaN,NaN,NaN,1453.8569,0,NaN,NaN,NaN,24
33.7342,-97.0131,NaN,NaN,NaN,NaN,168,0,NaN,NaN,NaN,2
33.7342,-97.0671,NaN,NaN,NaN,NaN,0,0,NaN,NaN,NaN,0
33.7342,-97.1211,NaN,NaN,NaN,NaN,0,0,NaN,NaN,NaN,0
33.7342,-97.1751,NaN,NaN,NaN,NaN,0,0,NaN,NaN,NaN,0
33.7342,-97.2291,NaN,NaN,NaN,NaN,0,0,NaN,NaN,NaN,0
33.7342,-97.2831,NaN,NaN,NaN,NaN,0,0,NaN,NaN,NaN,0
33.7342,-97.3371,NaN,NaN,NaN,NaN,0,0,NaN,NaN,NaN,0
33.7342,-97.3911,NaN,NaN,NaN,NaN,0,0,NaN,NaN,NaN,0
33.7342,-97.4452,NaN,NaN,NaN,NaN,0,0,NaN,NaN,NaN,0
33.7342,-97.4992,NaN,NaN,NaN,NaN,0,0,NaN,NaN,NaN,6
33.7342,-97.5532,NaN,NaN,NaN,NaN,0,0,NaN,NaN,NaN,67
33.7342,-97.6072,NaN,NaN,NaN,NaN,1119308.7733,0,NaN,NaN,NaN,378
33.7342,-97.6612,NaN,NaN,NaN,NaN,258243.9587,0,NaN,NaN,NaN,367
33.7342,-97.7152,NaN,NaN,NaN,NaN,0,0,NaN,NaN,NaN,60
33.7342,-97.7692,NaN,NaN,NaN,NaN,9626.2842,0,NaN,NaN,NaN,10
33.7342,-97.8232,NaN,NaN,NaN,NaN,0,0,NaN,NaN,NaN,2
33.7342,-97.8772,NaN,NaN,NaN,NaN,0,0,NaN,NaN,NaN,7
33.7342,-97.9312,NaN,NaN,NaN,NaN,0,0,NaN,NaN,NaN,19
33.7342,-97.9852,NaN,NaN,NaN,NaN,126305.0036,0,NaN,NaN,NaN,25
33.7342,-98.0393,NaN,NaN,NaN,NaN,88207.2716,0,NaN,NaN,NaN,35
33.7342,-98.0933,NaN,NaN,NaN,NaN,0,0,NaN,NaN,NaN,24
33.7342,-98.1473,NaN,NaN,NaN,NaN,0,0,NaN,NaN,NaN,0
33.7342,-98.2013,NaN,NaN,NaN,NaN,0,0,NaN,NaN,NaN,0
33.7342,-98.2553,NaN,NaN,NaN,NaN,0,0,NaN,NaN,NaN,0
33.7342,-98.3093,NaN,NaN,NaN,NaN,1582.7617,0,NaN,NaN,NaN,12
33.7342,-98.3633,NaN,NaN,NaN,NaN,0,0,NaN,NaN,NaN,34
33.7342,-98.4173,NaN,NaN,NaN,NaN,2458.3091,0,NaN,NaN,NaN,30
33.7342,-98.4713,NaN,NaN,NaN,NaN,0,0,NaN,NaN,NaN,10
33.7342,-98.5253,NaN,NaN,NaN,NaN,0,0,NaN,NaN,NaN,12
33.7793,-96.527,NaN,NaN,NaN,NaN,0,0,NaN,NaN,NaN,0
33.7793,-96.5811,NaN,NaN,NaN,NaN,0,0,NaN,NaN,NaN,0
33.7793,-96.6351,NaN,NaN,NaN,NaN,0,0,NaN,NaN,NaN,16
33.7793,-96.6891,NaN,-1.9,0,0,34846.5659,0,NaN,NaN,NaN,50
33.7793,-96.7432,NaN,NaN,NaN,NaN,1239.9046,0,NaN,NaN,NaN,75
33.7793,-96.7972,NaN,NaN,NaN,NaN,6433.999,0,NaN,NaN,NaN,47
33.7793,-96.8512,NaN,NaN,NaN,NaN,756797.8789,0,NaN,NaN,NaN,94
33.7793,-96.9053,NaN,NaN,NaN,NaN,601479.9038,0,NaN,NaN,NaN,104
33.7793,-96.9593,NaN,NaN,NaN,NaN,2290.333,0,NaN,NaN,NaN,18
33.7793,-97.0134,NaN,NaN,NaN,NaN,0,0,NaN,NaN,NaN,2
33.7793,-97.0674,NaN,NaN,NaN,NaN,0,0,NaN,NaN,NaN,0
33.7793,-97.1214,NaN,NaN,NaN,NaN,0,0,NaN,NaN,NaN,0
33.7793,-97.1755,NaN,NaN,NaN,NaN,0,0,NaN,NaN,NaN,0
33.7793,-97.2295,NaN,NaN,NaN,NaN,0,0,NaN,NaN,NaN,0
33.7793,-97.2835,NaN,NaN,NaN,NaN,0,0,NaN,NaN,NaN,0
33.7793,-97.3376,NaN,NaN,NaN,NaN,0,0,NaN,NaN,NaN,0
33.7793,-97.3916,NaN,NaN,NaN,NaN,0,0,NaN,NaN,NaN,0
33.7793,-97.4457,NaN,NaN,NaN,NaN,0,0,NaN,NaN,NaN,0
33.7793,-97.4997,NaN,NaN,NaN,NaN,0,0,NaN,NaN,NaN,0
33.7793,-97.5537,NaN,NaN,NaN,NaN,0,0,NaN,NaN,NaN,0
33.7793,-97.6078,NaN,NaN,NaN,NaN,0,0,NaN,NaN,NaN,0
33.7793,-97.6618,NaN,NaN,NaN,NaN,0,0,NaN,NaN,NaN,0
33.7793,-97.7158,NaN,NaN,NaN,NaN,0,0,NaN,NaN,NaN,0
33.7793,-97.7699,NaN,NaN,NaN,NaN,0,0,NaN,NaN,NaN,0
33.7793,-97.8239,NaN,NaN,NaN,NaN,0,0,NaN,NaN,NaN,0
33.7793,-97.878,NaN,NaN,NaN,NaN,0,0,NaN,NaN,NaN,0
33.7793,-97.932,NaN,NaN,NaN,NaN,0,0,NaN,NaN,NaN,0
33.7793,-97.986,NaN,NaN,NaN,NaN,0,0,NaN,NaN,NaN,0
33.7793,-98.0401,NaN,NaN,NaN,NaN,0,0,NaN,NaN,NaN,0
33.7793,-98.0941,NaN,NaN,NaN,NaN,0,0,NaN,NaN,NaN,0
33.7793,-98.1481,NaN,NaN,NaN,NaN,0,0,NaN,NaN,NaN,0
33.7793,-98.2022,NaN,NaN,NaN,NaN,0,0,NaN,NaN,NaN,0
33.7793,-98.2562,NaN,NaN,NaN,NaN,0,0,NaN,NaN,NaN,0
33.7793,-98.3103,NaN,NaN,NaN,NaN,85.119,0,NaN,NaN,NaN,16
33.7793,-98.3643,NaN,NaN,NaN,NaN,1121.2141,0,NaN,NaN,NaN,30
33.7793,-98.4183,NaN,NaN,NaN,NaN,188.7619,0,NaN,NaN,NaN,44
33.7793,-98.4724,NaN,NaN,NaN,NaN,9511.189,0,NaN,NaN,NaN,48
33.7793,-98.5264,NaN,NaN,NaN,NaN,1158.3331,0,NaN,NaN,NaN,24
33.8243,-96.527,NaN,NaN,NaN,NaN,0,0,NaN,NaN,NaN,0
33.8243,-96.5811,NaN,NaN,NaN,NaN,0,0,NaN,NaN,NaN,0
33.8243,-96.6352,NaN,NaN,NaN,NaN,0,0,NaN,NaN,NaN,0
33.8243,-96.6892,NaN,NaN,NaN,NaN,0,0,NaN,NaN,NaN,0
33.8243,-96.7433,NaN,NaN,NaN,NaN,0,0,NaN,NaN,NaN,0
33.8243,-96.7974,NaN,NaN,NaN,NaN,0,0,NaN,NaN,NaN,0
33.8243,-96.8514,NaN,NaN,NaN,NaN,0,0,NaN,NaN,NaN,0
33.8243,-96.9055,NaN,NaN,NaN,NaN,0,0,NaN,NaN,NaN,2
33.8243,-96.9596,NaN,NaN,NaN,NaN,0,0,NaN,NaN,NaN,2
33.8243,-97.0136,NaN,NaN,NaN,NaN,0,0,NaN,NaN,NaN,16
33.8243,-97.0677,NaN,NaN,NaN,NaN,341791.9453,0,NaN,NaN,NaN,53
33.8243,-97.1218,NaN,NaN,NaN,NaN,334539.4227,0,NaN,NaN,NaN,43
33.8243,-97.1758,NaN,NaN,NaN,NaN,3287.2138,0,NaN,NaN,NaN,14
33.8243,-97.2299,NaN,NaN,NaN,NaN,0,0,NaN,NaN,NaN,8
33.8243,-97.284,NaN,NaN,NaN,NaN,0,0,NaN,NaN,NaN,0
33.8243,-97.338,NaN,NaN,NaN,NaN,0,0,NaN,NaN,NaN,0
33.8243,-97.3921,NaN,NaN,NaN,NaN,0,0,NaN,NaN,NaN,0
33.8243,-97.4462,NaN,NaN,NaN,NaN,0,0,NaN,NaN,NaN,0
33.8243,-97.5002,NaN,NaN,NaN,NaN,0,0,NaN,NaN,NaN,0
33.8243,-97.5543,NaN,NaN,NaN,NaN,0,0,NaN,NaN,NaN,0
33.8243,-97.6084,NaN,NaN,NaN,NaN,0,0,NaN,NaN,NaN,0
33.8243,-97.6624,NaN,NaN,NaN,NaN,0,0,NaN,NaN,NaN,0
33.8243,-97.7165,NaN,NaN,NaN,NaN,0,0,NaN,NaN,NaN,0
33.8243,-97.7705,NaN,NaN,NaN,NaN,0,0,NaN,NaN,NaN,0
33.8243,-97.8246,NaN,NaN,NaN,NaN,0,0,NaN,NaN,NaN,0
33.8243,-97.8787,NaN,NaN,NaN,NaN,0,0,NaN,NaN,NaN,0
33.8243,-97.9327,NaN,NaN,NaN,NaN,0,0,NaN,NaN,NaN,0
33.8243,-97.9868,NaN,NaN,NaN,NaN,0,0,NaN,NaN,NaN,0
33.8243,-98.0409,NaN,NaN,NaN,NaN,0,0,NaN,NaN,NaN,0
33.8243,-98.0949,NaN,NaN,NaN,NaN,0,0,NaN,NaN,NaN,0
33.8243,-98.149,NaN,NaN,NaN,NaN,0,0,NaN,NaN,NaN,0
33.8243,-98.2031,NaN,NaN,NaN,NaN,0,0,NaN,NaN,NaN,0
33.8243,-98.2571,NaN,NaN,NaN,NaN,0,0,NaN,NaN,NaN,0
33.8243,-98.3112,NaN,NaN,NaN,NaN,0,0,NaN,NaN,NaN,4
33.8243,-98.3653,NaN,NaN,NaN,NaN,0,0,NaN,NaN,NaN,4
33.8243,-98.4193,NaN,NaN,NaN,NaN,1285.8093,0,NaN,NaN,NaN,32
33.8243,-98.4734,NaN,NaN,NaN,NaN,240.4285,0,NaN,NaN,NaN,52
33.8694,-96.527,NaN,NaN,NaN,NaN,0,0,NaN,NaN,NaN,0
33.8694,-96.5811,NaN,NaN,NaN,NaN,0,0,NaN,NaN,NaN,0
33.8694,-96.6352,NaN,NaN,NaN,NaN,0,0,NaN,NaN,NaN,0
33.8694,-96.6893,NaN,NaN,NaN,NaN,0,0,NaN,NaN,NaN,0
33.8694,-96.7434,NaN,NaN,NaN,NaN,0,0,NaN,NaN,NaN,0
33.8694,-96.7975,NaN,NaN,NaN,NaN,0,0,NaN,NaN,NaN,4
33.8694,-96.8516,NaN,NaN,NaN,NaN,1107.9522,0,NaN,NaN,NaN,4
33.8694,-96.9057,NaN,NaN,NaN,NaN,0,0,NaN,NaN,NaN,0
33.8694,-96.9598,NaN,NaN,NaN,NaN,0,0,NaN,NaN,NaN,14
33.8694,-97.0139,NaN,NaN,NaN,NaN,1146500,0,NaN,NaN,NaN,46
33.8694,-97.068,NaN,NaN,NaN,NaN,818200,0,NaN,NaN,NaN,190
33.8694,-97.1221,NaN,NaN,NaN,NaN,1053734,0,NaN,NaN,NaN,206
33.8694,-97.1762,NaN,NaN,NaN,NaN,4166.2374,0,NaN,NaN,NaN,56
33.8694,-97.2303,NaN,NaN,NaN,NaN,1023.8094,0,NaN,NaN,NaN,10
33.8694,-97.2844,NaN,NaN,NaN,NaN,988.5475,0,NaN,NaN,NaN,2
33.8694,-97.3385,NaN,NaN,NaN,NaN,0,0,NaN,NaN,NaN,6
33.8694,-97.3926,NaN,NaN,NaN,NaN,0,0,NaN,NaN,NaN,12
33.8694,-97.4467,NaN,NaN,NaN,NaN,0,0,NaN,NaN,NaN,6
33.8694,-97.5007,NaN,NaN,NaN,NaN,0,0,NaN,NaN,NaN,0
33.8694,-97.5548,NaN,NaN,NaN,NaN,0,0,NaN,NaN,NaN,0
33.8694,-97.6089,NaN,NaN,NaN,NaN,0,0,NaN,NaN,NaN,0
33.8694,-97.663,NaN,NaN,NaN,NaN,0,0,NaN,NaN,NaN,0
33.8694,-97.7171,NaN,NaN,NaN,NaN,0,0,NaN,NaN,NaN,0
33.8694,-97.7712,NaN,NaN,NaN,NaN,0,0,NaN,NaN,NaN,0
33.8694,-97.8253,NaN,NaN,NaN,NaN,0,0,NaN,NaN,NaN,0
33.8694,-97.8794,NaN,NaN,NaN,NaN,0,0,NaN,NaN,NaN,0
33.8694,-97.9335,NaN,NaN,NaN,NaN,0,0,NaN,NaN,NaN,0
33.8694,-97.9876,NaN,NaN,NaN,NaN,0,0,NaN,NaN,NaN,0
33.8694,-98.0417,NaN,NaN,NaN,NaN,0,0,NaN,NaN,NaN,0
33.8694,-98.0958,NaN,NaN,NaN,NaN,0,0,NaN,NaN,NaN,0
33.8694,-98.1499,NaN,NaN,NaN,NaN,0,0,NaN,NaN,NaN,0
33.8694,-98.204,NaN,NaN,NaN,NaN,0,0,NaN,NaN,NaN,0
33.8694,-98.2581,NaN,NaN,NaN,NaN,0,0,NaN,NaN,NaN,0
33.8694,-98.3122,NaN,NaN,NaN,NaN,0,0,NaN,NaN,NaN,0
33.8694,-98.3663,NaN,NaN,NaN,NaN,0,0,NaN,NaN,NaN,0
33.8694,-98.4204,NaN,NaN,NaN,NaN,0,0,NaN,NaN,NaN,4
33.8694,-98.4744,NaN,NaN,NaN,NaN,905.1189,0,NaN,NaN,NaN,6
33.9144,-96.5271,NaN,NaN,NaN,NaN,0,0,NaN,NaN,NaN,0
33.9144,-96.5812,NaN,NaN,NaN,NaN,0,0,NaN,NaN,NaN,0
33.9144,-96.6353,NaN,NaN,NaN,NaN,0,0,NaN,NaN,NaN,0
33.9144,-96.6894,NaN,NaN,NaN,NaN,0,0,NaN,NaN,NaN,0
33.9144,-96.7436,NaN,NaN,NaN,NaN,5000,0,NaN,NaN,NaN,2
33.9144,-96.7977,NaN,NaN,NaN,NaN,0,0,NaN,NaN,NaN,6
33.9144,-96.8518,NaN,NaN,NaN,NaN,0,0,NaN,NaN,NaN,4
33.9144,-96.9059,NaN,NaN,NaN,NaN,0,0,NaN,NaN,NaN,0
33.9144,-96.96,NaN,NaN,NaN,NaN,0,0,NaN,0,0,14
33.9144,-97.0142,NaN,NaN,NaN,NaN,0,0,NaN,0,0,30
33.9144,-97.0683,0.999,NaN,NaN,NaN,1270433.9249,1,2.1,0,0,191
33.9144,-97.1224,NaN,-4.2,0,0,2388407.2446,0,NaN,0,0,331
33.9144,-97.1765,0.999,-4.2,0,0,1500754.4105,1,2.9,0,0,295
33.9144,-97.2307,NaN,-3.6,7,7,2000346,0,NaN,0,0,187
33.9144,-97.2848,NaN,NaN,NaN,NaN,0,0,NaN,0,0,52
33.9144,-97.3389,NaN,NaN,NaN,NaN,0,0,NaN,0,0,14
33.9144,-97.393,NaN,NaN,NaN,NaN,6837.5709,0,NaN,NaN,NaN,27
33.9144,-97.4472,NaN,NaN,NaN,NaN,2812.3567,0,NaN,NaN,NaN,21
33.9144,-97.5013,NaN,NaN,NaN,NaN,0,0,NaN,NaN,NaN,4
33.9144,-97.5554,NaN,NaN,NaN,NaN,0,0,NaN,NaN,NaN,0
33.9144,-97.6095,NaN,NaN,NaN,NaN,0,0,NaN,NaN,NaN,0
33.9144,-97.6636,NaN,NaN,NaN,NaN,1541.5474,0,NaN,NaN,NaN,30
33.9144,-97.7178,NaN,NaN,NaN,NaN,0,0,2.58,NaN,NaN,30
33.9144,-97.7719,NaN,NaN,NaN,NaN,0,0,2.39,NaN,NaN,0
33.9144,-97.826,NaN,NaN,NaN,NaN,0,0,NaN,NaN,NaN,0
33.9144,-97.8801,NaN,NaN,NaN,NaN,0,0,NaN,NaN,NaN,0
33.9144,-97.9343,NaN,NaN,NaN,NaN,0,0,NaN,NaN,NaN,0
33.9144,-97.9884,NaN,NaN,NaN,NaN,0,0,NaN,NaN,NaN,0
33.9144,-98.0425,NaN,NaN,NaN,NaN,0,0,NaN,NaN,NaN,0
33.9144,-98.0966,NaN,NaN,NaN,NaN,0,0,NaN,NaN,NaN,0
33.9144,-98.1508,NaN,NaN,NaN,NaN,0,0,NaN,NaN,NaN,0
33.9144,-98.2049,NaN,NaN,NaN,NaN,0,0,NaN,NaN,NaN,0
33.9144,-98.259,NaN,NaN,NaN,NaN,0,0,NaN,NaN,NaN,0
33.9144,-98.3131,NaN,NaN,NaN,NaN,0,0,NaN,NaN,NaN,0
33.9144,-98.3672,NaN,NaN,NaN,NaN,0,0,NaN,NaN,NaN,0
33.9144,-98.4214,NaN,NaN,NaN,NaN,0,0,NaN,NaN,NaN,0
33.9144,-98.4755,NaN,NaN,NaN,NaN,0,0,NaN,NaN,NaN,4
33.9595,-96.5271,NaN,NaN,NaN,NaN,0,0,NaN,NaN,NaN,0
33.9595,-96.5812,NaN,NaN,NaN,NaN,0,0,NaN,NaN,NaN,0
33.9595,-96.6354,NaN,NaN,NaN,NaN,0,0,NaN,NaN,NaN,0
33.9595,-96.6895,NaN,NaN,NaN,NaN,0,0,NaN,NaN,NaN,0
33.9595,-96.7437,NaN,NaN,NaN,NaN,0,0,NaN,NaN,NaN,4
33.9595,-96.7978,NaN,NaN,NaN,NaN,0,1,2.3,0,0,4
33.9595,-96.852,NaN,NaN,NaN,NaN,0,0,NaN,0,0,0
33.9595,-96.9061,NaN,NaN,NaN,NaN,0,0,NaN,NaN,NaN,0
33.9595,-96.9603,NaN,NaN,NaN,NaN,0,0,NaN,0,0,16
33.9595,-97.0144,NaN,NaN,NaN,NaN,0,1,2.5,0,0,29
33.9595,-97.0686,NaN,NaN,NaN,NaN,0,2,2.4,0,0,67
33.9595,-97.1227,NaN,-4.1,7,7,2681497.9609,8,3.2,0.05,0.04515,278
33.9595,-97.1769,NaN,-4.1,7,7,3337479.7885,7,2.4,0.058824,0.050162,422
33.9595,-97.231,NaN,-3.6,7,7,3566112.094,1,2.7,0,0,279
33.9595,-97.2852,NaN,-3.5,0,0,0,13,2.53,0,0,130
33.9595,-97.3394,NaN,-3.5,0,0,111404.1035,2,2.55,0,0,84
33.9595,-97.3935,NaN,NaN,NaN,NaN,15664.9023,0,NaN,0,0,52
33.9595,-97.4477,0.999,NaN,NaN,NaN,10844.1411,1,2.1,0,0,21
33.9595,-97.5018,NaN,NaN,NaN,NaN,0,0,NaN,NaN,NaN,4
33.9595,-97.556,NaN,NaN,NaN,NaN,0,0,NaN,0,0,0
33.9595,-97.6101,NaN,NaN,NaN,NaN,0,0,NaN,0,0,6
33.9595,-97.6643,NaN,NaN,NaN,NaN,0,0,NaN,NaN,NaN,30
33.9595,-97.7184,NaN,NaN,NaN,NaN,0,0,2.55,NaN,NaN,24
33.9595,-97.7726,NaN,NaN,NaN,NaN,0,0,NaN,NaN,NaN,0
33.9595,-97.8267,NaN,NaN,NaN,NaN,0,0,NaN,NaN,NaN,0
33.9595,-97.8809,NaN,NaN,NaN,NaN,0,0,NaN,NaN,NaN,0
33.9595,-97.935,NaN,NaN,NaN,NaN,0,0,NaN,NaN,NaN,0
33.9595,-97.9892,NaN,NaN,NaN,NaN,0,0,NaN,NaN,NaN,4
33.9595,-98.0433,NaN,NaN,NaN,NaN,0,0,NaN,NaN,NaN,4
33.9595,-98.0975,NaN,NaN,NaN,NaN,0,0,NaN,NaN,NaN,0
33.9595,-98.1516,NaN,NaN,NaN,NaN,0,0,NaN,NaN,NaN,0
33.9595,-98.2058,NaN,NaN,NaN,NaN,0,0,NaN,NaN,NaN,0
33.9595,-98.2599,NaN,NaN,NaN,NaN,0,0,NaN,NaN,NaN,0
33.9595,-98.3141,NaN,NaN,NaN,NaN,0,0,NaN,NaN,NaN,0
33.9595,-98.3682,NaN,NaN,NaN,NaN,0,0,NaN,NaN,NaN,0
33.9595,-98.4224,NaN,NaN,NaN,NaN,0,0,NaN,NaN,NaN,2
33.9595,-98.4765,NaN,NaN,NaN,NaN,309.619,0,NaN,NaN,NaN,4
34.0045,-96.5271,NaN,NaN,NaN,NaN,0,0,NaN,NaN,NaN,6
34.0045,-96.5813,NaN,NaN,NaN,NaN,5710,0,NaN,NaN,NaN,6
34.0045,-96.6355,NaN,NaN,NaN,NaN,0,0,NaN,NaN,NaN,0
34.0045,-96.6896,NaN,NaN,NaN,NaN,0,0,NaN,NaN,NaN,0
34.0045,-96.7438,NaN,NaN,NaN,NaN,0,0,NaN,NaN,NaN,2
34.0045,-96.798,NaN,NaN,NaN,NaN,2761.9996,0,NaN,0,0,2
34.0045,-96.8522,NaN,NaN,NaN,NaN,0,0,NaN,0,0,0
34.0045,-96.9064,NaN,NaN,NaN,NaN,0,0,NaN,NaN,NaN,0
34.0045,-96.9605,NaN,NaN,NaN,NaN,0,0,NaN,NaN,NaN,16
34.0045,-97.0147,NaN,NaN,NaN,NaN,135508.0221,0,NaN,NaN,NaN,29
34.0045,-97.0689,NaN,NaN,NaN,NaN,140000,0,NaN,0,0,39
34.0045,-97.1231,NaN,NaN,NaN,NaN,0,3,2.6,0.090909,0.086468,140
34.0045,-97.1773,0.999,NaN,NaN,NaN,1383939.0168,3,2.6,0.076923,0.07228,173
34.0045,-97.2314,NaN,NaN,NaN,NaN,527732.0822,0,NaN,0,0,113
34.0045,-97.2856,0.999,NaN,NaN,NaN,1098137.6338,1,2.4,0,0,120
34.0045,-97.3398,NaN,NaN,NaN,NaN,611098.0712,0,NaN,0,0,127
34.0045,-97.394,NaN,NaN,NaN,NaN,0,0,NaN,0,0,67
34.0045,-97.4482,NaN,NaN,NaN,NaN,24166.1152,0,NaN,0,0,6
34.0045,-97.5023,NaN,NaN,NaN,NaN,3546.309,0,NaN,0,0,4
34.0045,-97.5565,NaN,NaN,NaN,NaN,0,1,2.3,0,0,4
34.0045,-97.6107,NaN,NaN,NaN,NaN,0,1,2.41,0,0,0
34.0045,-97.6649,NaN,NaN,NaN,NaN,0,0,NaN,0,0,0
34.0045,-97.7191,NaN,NaN,NaN,NaN,0,0,NaN,NaN,NaN,0
34.0045,-97.7732,NaN,NaN,NaN,NaN,0,0,NaN,NaN,NaN,0
34.0045,-97.8274,NaN,NaN,NaN,NaN,0,0,NaN,NaN,NaN,0
34.0045,-97.8816,NaN,NaN,NaN,NaN,0,0,NaN,NaN,NaN,0
34.0045,-97.9358,NaN,NaN,NaN,NaN,0,0,NaN,NaN,NaN,0
34.0045,-97.99,NaN,NaN,NaN,NaN,1309.9998,0,NaN,NaN,NaN,4
34.0045,-98.0441,NaN,NaN,NaN,NaN,0,0,NaN,NaN,NaN,4
34.0045,-98.0983,NaN,NaN,NaN,NaN,0,0,NaN,NaN,NaN,0
34.0045,-98.1525,NaN,NaN,NaN,NaN,0,0,NaN,NaN,NaN,6
34.0045,-98.2067,NaN,NaN,NaN,NaN,260.2619,0,NaN,NaN,NaN,6
34.0045,-98.2609,NaN,NaN,NaN,NaN,0,0,NaN,NaN,NaN,0
34.0045,-98.315,NaN,NaN,NaN,NaN,0,0,NaN,NaN,NaN,0
34.0045,-98.3692,NaN,NaN,NaN,NaN,0,0,NaN,NaN,NaN,0
34.0045,-98.4234,NaN,NaN,NaN,NaN,0,0,NaN,NaN,NaN,0
34.0045,-98.4776,NaN,NaN,NaN,NaN,0,0,NaN,NaN,NaN,0
